family,observed_units,fulfilled_units_sim,demand_revenue_sim,revenue_sim,unfulfilled_revenue_sim,list_revenue_sim,markdown_value_sim,cogs_sim,gross_margin_sim,avg_inventory_value_sim,gross_margin_pct_sim,markdown_pct_sim,price_realisation_pct_sim,revenue_shortfall_pct_sim,avg_list_price_sim,avg_net_price_sim,avg_unit_cost_sim
AUTOMOTIVE,554822.0,540268.13,7209298.384,7021705.112,187593.272,7102989.492,81284.38,4967108.704,2054596.408,609.014,29.261,1.144,98.856,2.602,13.147,12.997,9.194
BABY CARE,10051.0,8887.16,94873.428,84028.319,10845.109,84270.397,242.077,57658.019,26370.3,22.095,31.383,0.287,99.713,11.431,9.482,9.455,6.488
BEAUTY,337893.0,331021.53,2159481.697,2115814.383,43667.315,2240036.804,124222.421,1229533.901,886280.482,156.808,41.888,5.546,94.454,2.022,6.767,6.392,3.714
BEVERAGES,216954486.0,213992645.703,244331394.747,240999896.131,3331498.616,271232124.603,30232228.472,184455614.397,56544281.734,19444.065,23.462,11.146,88.854,1.364,1.267,1.126,0.862
BOOKS,6438.0,5736.16,66228.985,59079.306,7149.68,59079.306,0.0,38297.715,20781.591,9.387,35.176,0.0,100.0,10.795,10.299,10.299,6.677
BREAD/BAKERY,42133945.574,41673014.108,88002967.515,87066986.597,935980.918,91803747.007,4736760.41,63439622.155,23627364.442,6792.461,27.137,5.16,94.84,1.064,2.203,2.089,1.522
CELEBRATION,761177.0,732647.56,3840091.543,3697151.837,142939.706,3735542.108,38390.271,2245112.671,1452039.166,375.929,39.275,1.028,98.972,3.722,5.099,5.046,3.064
CLEANING,97521289.0,96160410.46,243139476.856,239760703.561,3378773.295,262174905.074,22414201.513,183687983.339,56072720.221,20797.068,23.387,8.549,91.451,1.39,2.726,2.493,1.91
DAIRY,64487709.0,63461344.602,114324959.416,112503107.558,1821851.858,120331715.034,7828607.476,86628700.097,25874407.461,7761.248,22.999,6.506,93.494,1.594,1.896,1.773,1.365
DELI,24110322.464,23882333.818,147589432.486,146175368.109,1414064.378,155643245.376,9467877.267,110455548.254,35719819.854,12542.479,24.436,6.083,93.917,0.958,6.517,6.121,4.625
EGGS,15588296.0,15427769.5,37421699.2,37029779.002,391920.198,38787542.829,1757763.827,29147966.966,7881812.036,3179.437,21.285,4.532,95.468,1.047,2.514,2.4,1.889
FROZEN FOODS,14073887.722,13688599.813,59413665.24,57809886.031,1603779.209,61925613.692,4115727.661,43291271.133,14518614.898,8216.245,25.114,6.646,93.354,2.699,4.524,4.223,3.163
GROCERY I,343462734.869,338012801.538,514410514.596,506331312.506,8079202.09,568246740.737,61915428.231,414956226.097,91375086.409,43850.299,18.047,10.896,89.104,1.571,1.681,1.498,1.228
GROCERY II,1962767.0,1937092.0,6344947.955,6262512.952,82435.003,6309530.363,47017.411,4472836.04,1789676.912,523.113,28.578,0.745,99.255,1.299,3.257,3.233,2.309
HARDWARE,103470.0,101155.7,842770.484,824076.218,18694.266,824585.8,509.582,563568.417,260507.801,94.763,31.612,0.062,99.938,2.218,8.152,8.147,5.571
HOME AND KITCHEN I,1861491.0,1796998.26,17281846.957,16694622.459,587224.499,17550313.4,855690.942,11595723.485,5098898.974,1633.354,30.542,4.876,95.124,3.398,9.766,9.29,6.453
HOME AND KITCHEN II,1520670.0,1482101.37,16912215.905,16476802.202,435413.703,18010153.211,1533351.008,11882717.996,4594084.206,1880.54,27.882,8.514,91.486,2.575,12.152,11.117,8.017
HOME APPLIANCES,41601.0,40211.37,2091769.359,2022905.848,68863.511,2024162.877,1257.029,1493147.659,529758.189,381.902,26.188,0.062,99.938,3.292,50.338,50.307,37.132
HOME CARE,16022744.0,15743165.01,52252583.904,51322078.545,930505.359,56919084.312,5597005.767,40429214.352,10892864.194,4927.501,21.225,9.833,90.167,1.781,3.615,3.26,2.568
LADIESWEAR,651159.0,633234.98,10056124.805,9782806.71,273318.095,9803224.67,20417.961,4716490.688,5066316.021,774.698,51.788,0.208,99.792,2.718,15.481,15.449,7.448
LAWN AND GARDEN,548842.0,533928.98,4947304.366,4811628.432,135675.934,4916491.471,104863.039,3306044.136,1505584.296,397.407,31.291,2.133,97.867,2.742,9.208,9.012,6.192
LINGERIE,653114.0,638776.51,6582270.853,6439421.67,142849.183,6484423.047,45001.377,2939804.355,3499617.315,522.078,54.347,0.694,99.306,2.17,10.151,10.081,4.602
"LIQUOR,WINE,BEER",7746640.0,7617076.19,56873085.314,55929770.78,943314.534,58959914.485,3030143.705,41427170.835,14502599.944,5203.568,25.93,5.139,94.861,1.659,7.74,7.343,5.439
MAGAZINES,266359.0,256552.44,910960.554,877903.698,33056.856,878307.439,403.74,633442.395,244461.303,87.751,27.846,0.046,99.954,3.629,3.424,3.422,2.469
MEATS,31086468.4,30705830.389,173936522.281,171755826.042,2180696.239,180632014.449,8876188.407,136907957.921,34847868.12,15567.76,20.289,4.914,95.086,1.254,5.883,5.594,4.459
PERSONAL CARE,24592051.0,24280827.358,96441480.312,95214925.917,1226554.395,104618134.428,9403208.511,64886190.505,30328735.412,7599.272,31.853,8.988,91.012,1.272,4.309,3.921,2.672
PET SUPPLIES,356584.0,348174.65,2489739.513,2431918.332,57821.181,2536325.945,104407.613,1743697.272,688221.06,213.667,28.3,4.116,95.884,2.322,7.285,6.985,5.008
PLAYERS AND ELECTRONICS,562608.0,545240.47,19169412.18,18582662.332,586749.848,18645689.785,63027.453,13936370.87,4646291.462,2100.176,25.003,0.338,99.662,3.061,34.197,34.082,25.56
POULTRY,31876004.473,31481758.61,134827255.324,133136235.52,1691019.804,139343199.716,6206964.196,106961008.137,26175227.383,11562.17,19.66,4.454,95.546,1.254,4.426,4.229,3.398
PREPARED FOODS,8799895.117,8727482.572,45953465.871,45573847.437,379618.435,46704730.276,1130882.84,32659449.815,12914397.622,4140.718,28.337,2.421,97.579,0.826,5.351,5.222,3.742
PRODUCE,122704684.681,120807039.421,169141434.761,166519617.807,2621816.954,179970652.199,13451034.392,133171495.034,33348122.773,12951.33,20.027,7.474,92.526,1.55,1.49,1.378,1.102
SCHOOL AND OFFICE SUPPLIES,269316.0,259252.66,726507.919,699764.634,26743.285,818736.731,118972.096,467732.202,232032.432,107.218,33.159,14.531,85.469,3.681,3.158,2.699,1.804
SEAFOOD,2015431.883,1998282.598,17340305.784,17189923.599,150382.185,18087077.53,897153.932,13321812.396,3868111.203,1954.23,22.502,4.96,95.04,0.867,9.051,8.602,6.667
