family,year,bridge_case,margin_change_sim,volume_effect_sim,price_effect_sim,cost_effect_sim,bridge_residual
AUTOMOTIVE,2014,normal,60021.64,61999.55,17023.52,-19001.43,-0.0
AUTOMOTIVE,2015,normal,76820.97,68421.9,30893.97,-22494.89,-0.0
AUTOMOTIVE,2016,normal,24204.5,31381.13,16150.41,-23327.04,0.0
AUTOMOTIVE,2017,normal,-181269.89,-164800.21,-2750.4,-13719.27,-0.0
BABY CARE,2014,assortment_change,1012.87,1012.87,0.0,0.0,0.0
BABY CARE,2015,normal,2993.26,2836.94,303.65,-147.33,-0.0
BABY CARE,2016,normal,9541.68,9699.78,354.05,-512.15,-0.0
BABY CARE,2017,normal,-5744.32,-5868.04,377.42,-253.7,0.0
BEAUTY,2014,normal,28563.59,25420.41,7169.04,-4025.86,0.0
BEAUTY,2015,normal,27485.76,37498.83,-4971.55,-5041.52,-0.0
BEAUTY,2016,normal,68744.29,85323.31,-9604.92,-6974.11,0.0
BEAUTY,2017,normal,-123082.5,-86717.19,-32521.19,-3844.12,-0.0
BEVERAGES,2014,normal,5869469.76,7198659.35,-651885.25,-677304.35,0.0
BEVERAGES,2015,normal,252078.28,2684243.32,-1593457.52,-838707.53,0.0
BEVERAGES,2016,normal,-3052721.64,4018414.35,-6106764.36,-964371.63,-0.0
BEVERAGES,2017,normal,-3658715.09,-3304441.81,256005.45,-610278.73,0.0
BOOKS,2014,assortment_change,0.0,0.0,0.0,0.0,0.0
BOOKS,2015,assortment_change,0.0,0.0,0.0,0.0,0.0
BOOKS,2016,assortment_change,12636.71,12636.71,0.0,0.0,0.0
BOOKS,2017,normal,-4491.83,-4515.87,113.56,-89.52,0.0
BREAD/BAKERY,2014,normal,555741.35,761644.52,36044.07,-241947.24,-0.0
BREAD/BAKERY,2015,normal,578108.26,988232.22,-127837.59,-282286.37,-0.0
BREAD/BAKERY,2016,normal,-628744.84,272395.84,-591237.51,-309903.17,0.0
BREAD/BAKERY,2017,normal,-1816234.18,-1696332.24,48845.81,-168747.76,-0.0
CELEBRATION,2014,assortment_change,255494.82,255494.82,0.0,0.0,0.0
CELEBRATION,2015,normal,79359.39,71424.48,19077.89,-11142.98,-0.0
CELEBRATION,2016,normal,194976.77,208105.78,-159.97,-12969.04,-0.0
CELEBRATION,2017,normal,-197971.81,-212969.19,23071.15,-8073.78,0.0
CLEANING,2014,normal,460504.37,1510392.28,-336790.84,-713097.07,-0.0
CLEANING,2015,normal,618234.79,2048000.16,-611233.75,-818531.62,0.0
CLEANING,2016,normal,-5523894.96,249537.56,-4917965.05,-855467.47,-0.0
CLEANING,2017,normal,-4668676.4,-2955091.02,-1233757.26,-479828.12,-0.0
DAIRY,2014,normal,2397674.69,2834165.13,-106192.6,-330297.84,-0.0
DAIRY,2015,normal,30577.49,667124.83,-242566.19,-393981.15,-0.0
DAIRY,2016,normal,-224916.49,894237.92,-668434.58,-450719.83,0.0
DAIRY,2017,normal,-2966270.03,-1994735.63,-721925.59,-249608.81,-0.0
DELI,2014,normal,375729.97,1197774.33,-411644.14,-410400.21,0.0
DELI,2015,normal,1163662.49,2029397.3,-349185.34,-516549.46,-0.0
DELI,2016,normal,-1163597.75,-188083.82,-444961.76,-530552.18,0.0
DELI,2017,normal,-2841349.64,-2440345.28,-108943.49,-292060.87,-0.0
EGGS,2014,normal,205238.96,409144.22,-82923.61,-120981.64,0.0
EGGS,2015,normal,-62344.23,118010.32,-53887.61,-126466.94,0.0
EGGS,2016,normal,2969.7,38033.12,104233.4,-139296.82,-0.0
EGGS,2017,normal,-677059.19,-578841.9,-24387.89,-73829.4,0.0
FROZEN FOODS,2014,normal,-35033.28,519081.51,-390189.53,-163925.26,-0.0
FROZEN FOODS,2015,normal,449850.95,707150.53,-39910.03,-217389.55,-0.0
FROZEN FOODS,2016,normal,-484179.04,31653.31,-301460.86,-214371.49,0.0
FROZEN FOODS,2017,normal,-1527757.11,-1624962.58,171318.16,-74112.69,-0.0
GROCERY I,2014,normal,-638628.99,2905333.44,-2031040.05,-1512922.39,-0.0
GROCERY I,2015,normal,-133521.72,4001562.73,-2323661.25,-1811423.21,0.0
GROCERY I,2016,normal,-13429752.19,3213259.81,-14593597.27,-2049414.73,0.0
GROCERY I,2017,normal,-4856517.29,-3728378.36,-1457.24,-1126681.69,-0.0
GROCERY II,2014,normal,34502.9,25697.22,26619.72,-17814.03,0.0
GROCERY II,2015,normal,53099.99,50248.27,23028.26,-20176.54,-0.0
GROCERY II,2016,normal,-43536.67,-43221.44,18387.66,-18702.89,0.0
GROCERY II,2017,normal,-101387.94,-88549.63,-738.56,-12099.74,-0.0
HARDWARE,2014,normal,12886.11,11993.15,3250.74,-2357.78,-0.0
HARDWARE,2015,normal,1686.04,727.54,3431.58,-2473.08,0.0
HARDWARE,2016,normal,4956.55,4173.49,3274.53,-2491.47,-0.0
HARDWARE,2017,normal,-15907.45,-17091.78,2788.26,-1603.93,0.0
HOME AND KITCHEN I,2014,assortment_change,930305.62,930305.62,0.0,0.0,0.0
HOME AND KITCHEN I,2015,normal,832705.6,809151.26,84510.36,-60956.03,0.0
HOME AND KITCHEN I,2016,normal,-152905.69,54549.68,-136923.69,-70531.69,-0.0
HOME AND KITCHEN I,2017,normal,-814628.93,-452208.7,-322421.21,-39999.01,0.0
HOME AND KITCHEN II,2014,assortment_change,496431.63,496431.63,0.0,0.0,0.0
HOME AND KITCHEN II,2015,normal,1255930.49,1421795.04,-93946.66,-71917.89,0.0
HOME AND KITCHEN II,2016,normal,-270775.81,117821.74,-314474.52,-74123.03,-0.0
HOME AND KITCHEN II,2017,normal,-617882.14,-441966.53,-127715.34,-48200.27,-0.0
HOME APPLIANCES,2014,normal,-1590.3,-2019.73,6197.74,-5768.31,-0.0
HOME APPLIANCES,2015,normal,1748.03,-649.31,8876.28,-6478.94,0.0
HOME APPLIANCES,2016,normal,-32403.62,-33560.81,5657.37,-4500.19,0.0
HOME APPLIANCES,2017,normal,7123.2,6224.65,5567.23,-4668.68,0.0
HOME CARE,2014,assortment_change,2796064.35,2796064.35,0.0,0.0,0.0
HOME CARE,2015,normal,537955.69,619781.95,109056.59,-190882.85,0.0
HOME CARE,2016,normal,250448.63,1896910.93,-1411318.56,-235143.73,0.0
HOME CARE,2017,normal,-2406157.53,-1189694.63,-1060977.73,-155485.17,-0.0
LADIESWEAR,2014,assortment_change,1070186.28,1070186.28,0.0,0.0,0.0
LADIESWEAR,2015,normal,-11273.35,-32077.57,41828.73,-21024.51,-0.0
LADIESWEAR,2016,normal,695212.19,662818.87,58013.18,-25619.85,0.0
LADIESWEAR,2017,normal,-571033.42,-585003.4,31493.61,-17523.63,0.0
LAWN AND GARDEN,2014,normal,84841.47,87129.03,7301.75,-9589.31,0.0
LAWN AND GARDEN,2015,normal,25505.53,25126.48,10887.48,-10508.42,-0.0
LAWN AND GARDEN,2016,normal,78379.66,75684.35,17802.04,-15106.73,-0.0
LAWN AND GARDEN,2017,normal,208476.1,236672.22,-9801.11,-18395.01,0.0
LINGERIE,2014,normal,-46863.86,-61632.49,28229.92,-13461.28,0.0
LINGERIE,2015,normal,-44464.94,-56194.99,24474.34,-12744.3,0.0
LINGERIE,2016,normal,-167440.76,-169694.74,12286.32,-10032.34,-0.0
LINGERIE,2017,normal,-127731.89,-129224.23,7833.6,-6341.27,-0.0
"LIQUOR,WINE,BEER",2014,normal,427042.23,368493.26,214609.34,-156060.37,-0.0
"LIQUOR,WINE,BEER",2015,normal,458795.03,600378.27,49549.4,-191132.64,-0.0
"LIQUOR,WINE,BEER",2016,normal,-797476.36,156239.19,-749992.25,-203723.3,0.0
"LIQUOR,WINE,BEER",2017,normal,-1995194.67,-1265343.65,-634940.09,-94910.93,-0.0
MAGAZINES,2014,assortment_change,11567.05,11567.05,0.0,0.0,0.0
MAGAZINES,2015,normal,31414.77,30370.34,3406.66,-2362.22,0.0
MAGAZINES,2016,normal,72257.17,70729.6,5993.1,-4465.53,0.0
MAGAZINES,2017,normal,-40565.55,-41977.53,4465.33,-3053.35,-0.0
MEATS,2014,normal,-1246555.8,-151875.97,-552368.96,-542310.86,0.0
MEATS,2015,normal,-638773.53,336203.5,-398926.65,-576050.39,0.0
MEATS,2016,normal,208304.09,342231.22,483405.07,-617332.19,-0.0
MEATS,2017,normal,-2713740.71,-2503927.39,121596.64,-331409.96,0.0
PERSONAL CARE,2014,normal,1318188.61,1480606.96,82465.03,-244883.38,-0.0
PERSONAL CARE,2015,normal,1056037.93,1549235.15,-198171.62,-295025.61,0.0
PERSONAL CARE,2016,normal,-2416055.36,518114.76,-2613274.45,-320895.67,-0.0
PERSONAL CARE,2017,normal,-2954669.35,-2040581.25,-738582.62,-175505.49,-0.0
PET SUPPLIES,2014,assortment_change,118936.89,118936.89,0.0,0.0,0.0
PET SUPPLIES,2015,normal,11331.05,16456.67,1371.95,-6497.58,-0.0
PET SUPPLIES,2016,normal,109683.2,138851.82,-19032.42,-10136.2,0.0
PET SUPPLIES,2017,normal,-40886.03,-43766.17,11259.35,-8379.21,0.0
PLAYERS AND ELECTRONICS,2014,assortment_change,831940.36,831940.36,0.0,0.0,0.0
PLAYERS AND ELECTRONICS,2015,normal,146564.69,124620.36,85427.79,-63483.47,-0.0
PLAYERS AND ELECTRONICS,2016,normal,665448.8,664730.93,79249.43,-78531.56,0.0
PLAYERS AND ELECTRONICS,2017,normal,-452061.62,-443749.61,48045.64,-56357.66,-0.0
POULTRY,2014,normal,2117541.18,2930837.0,-361986.76,-451309.05,-0.0
POULTRY,2015,normal,-511563.46,215534.92,-223420.01,-503678.37,-0.0
POULTRY,2016,normal,-166605.15,-51324.1,390251.06,-505532.1,-0.0
POULTRY,2017,normal,-1957670.48,-2090283.74,400071.18,-267457.93,-0.0
PREPARED FOODS,2014,normal,179548.85,217621.5,92018.88,-130091.53,-0.0
PREPARED FOODS,2015,normal,188158.43,259843.02,76041.54,-147726.12,-0.0
PREPARED FOODS,2016,normal,-74188.66,107424.63,-31283.88,-150329.42,0.0
PREPARED FOODS,2017,normal,-1169202.12,-1160254.19,65695.7,-74643.63,0.0
PRODUCE,2014,normal,7106416.48,8475030.68,-891449.57,-477164.63,-0.0
PRODUCE,2015,normal,153592.85,733814.72,23604.96,-603826.83,0.0
PRODUCE,2016,normal,4419010.89,5251147.92,-86026.85,-746110.18,-0.0
PRODUCE,2017,normal,-4508532.56,-3918665.56,-66969.75,-522897.24,-0.0
SCHOOL AND OFFICE SUPPLIES,2014,assortment_change,36798.24,36798.24,0.0,0.0,0.0
SCHOOL AND OFFICE SUPPLIES,2015,normal,9870.17,16099.24,-4727.99,-1501.09,-0.0
SCHOOL AND OFFICE SUPPLIES,2016,normal,24399.1,39766.79,-13003.99,-2363.7,0.0
SCHOOL AND OFFICE SUPPLIES,2017,normal,6430.79,27739.5,-17717.26,-3591.46,0.0
SEAFOOD,2014,normal,29160.65,99885.23,-14062.13,-56662.44,-0.0
SEAFOOD,2015,normal,-19991.04,92961.46,-52481.85,-60470.64,-0.0
SEAFOOD,2016,normal,-159503.61,-25036.83,-73866.14,-60600.63,0.0
SEAFOOD,2017,normal,-243820.1,-295659.82,81700.04,-29860.33,0.0
