family,price_change_pct,baseline_units_sim,baseline_revenue_sim,baseline_margin_sim,margin_rate_sim,avg_net_price_sim,avg_unit_cost_sim,new_price_sim,break_even_volume_ratio_sim,break_even_volume_change_pct_sim,feasibility_flag,below_cost_flag
AUTOMOTIVE,-20.0,540268.13,7021705.112,2054596.408,0.2926064788008147,12.996704269785448,9.193784397388015,10.397363415828359,3.159676111108552,215.9676111108552,feasible,False
AUTOMOTIVE,-15.0,540268.13,7021705.112,2054596.408,0.2926064788008147,12.996704269785448,9.193784397388015,11.04719862931763,2.0518456192268246,105.18456192268246,feasible,False
AUTOMOTIVE,-10.0,540268.13,7021705.112,2054596.408,0.2926064788008147,12.996704269785448,9.193784397388015,11.697033842806905,1.5191933346303252,51.91933346303252,feasible,False
AUTOMOTIVE,-5.0,540268.13,7021705.112,2054596.408,0.2926064788008147,12.996704269785448,9.193784397388015,12.346869056296175,1.2060950731701239,20.609507317012387,feasible,False
AUTOMOTIVE,-2.0,540268.13,7021705.112,2054596.408,0.2926064788008147,12.996704269785448,9.193784397388015,12.736770184389739,1.0733658278701932,7.336582787019319,feasible,False
AUTOMOTIVE,2.0,540268.13,7021705.112,2054596.408,0.2926064788008147,12.996704269785448,9.193784397388015,13.256638355181158,0.9360217994306397,-6.397820056936032,feasible,False
AUTOMOTIVE,5.0,540268.13,7021705.112,2054596.408,0.2926064788008147,12.996704269785448,9.193784397388015,13.646539483274722,0.8540599693998516,-14.594003060014838,feasible,False
AUTOMOTIVE,10.0,540268.13,7021705.112,2054596.408,0.2926064788008147,12.996704269785448,9.193784397388015,14.296374696763994,0.7452920280239846,-25.470797197601534,feasible,False
AUTOMOTIVE,15.0,540268.13,7021705.112,2054596.408,0.2926064788008147,12.996704269785448,9.193784397388015,14.946209910253264,0.6610984990404891,-33.890150095951086,feasible,False
AUTOMOTIVE,20.0,540268.13,7021705.112,2054596.408,0.2926064788008147,12.996704269785448,9.193784397388015,15.596045123742538,0.5939964076662704,-40.60035923337296,feasible,False
BABY CARE,-20.0,8887.16,84028.319,26370.3,0.31382634228348655,9.455024889841075,6.487789012462924,7.564019911872861,2.7570625216252354,175.70625216252353,feasible,False
BABY CARE,-15.0,8887.16,84028.319,26370.3,0.31382634228348655,9.455024889841075,6.487789012462924,8.036771156364914,1.9156036685506819,91.56036685506818,feasible,False
BABY CARE,-10.0,8887.16,84028.319,26370.3,0.31382634228348655,9.455024889841075,6.487789012462924,8.509522400856968,1.4676692260274558,46.766922602745574,feasible,False
BABY CARE,-5.0,8887.16,84028.319,26370.3,0.31382634228348655,9.455024889841075,6.487789012462924,8.982273645349022,1.1895186036664755,18.951860366647555,feasible,False
BABY CARE,-2.0,8887.16,84028.319,26370.3,0.31382634228348655,9.455024889841075,6.487789012462924,9.265924392044253,1.0680674164357389,6.806741643573888,feasible,False
BABY CARE,2.0,8887.16,84028.319,26370.3,0.31382634228348655,9.455024889841075,6.487789012462924,9.644125387637898,0.9400886105536395,-5.991138944636054,feasible,False
BABY CARE,5.0,8887.16,84028.319,26370.3,0.31382634228348655,9.455024889841075,6.487789012462924,9.92777613433313,0.8625717981656179,-13.742820183438209,feasible,False
BABY CARE,10.0,8887.16,84028.319,26370.3,0.31382634228348655,9.455024889841075,6.487789012462924,10.400527378825183,0.7583527441771788,-24.16472558228212,feasible,False
BABY CARE,15.0,8887.16,84028.319,26370.3,0.31382634228348655,9.455024889841075,6.487789012462924,10.873278623317235,0.6766031026579312,-32.33968973420688,feasible,False
BABY CARE,20.0,8887.16,84028.319,26370.3,0.31382634228348655,9.455024889841075,6.487789012462924,11.34602986780929,0.6107634359282096,-38.92365640717904,feasible,False
BEAUTY,-20.0,331021.53,2115814.383,886280.482,0.4188838534802606,6.3917727133942,3.7143623286376566,5.11341817071536,1.9137266034931006,91.37266034931007,feasible,False
BEAUTY,-15.0,331021.53,2115814.383,886280.482,0.4188838534802606,6.3917727133942,3.7143623286376566,5.43300680638507,1.5578616865925417,55.786168659254166,feasible,False
BEAUTY,-10.0,331021.53,2115814.383,886280.482,0.4188838534802606,6.3917727133942,3.7143623286376566,5.752595442054781,1.3135938019708802,31.359380197088015,feasible,False
BEAUTY,-5.0,331021.53,2115814.383,886280.482,0.4188838534802606,6.3917727133942,3.7143623286376566,6.07218407772449,1.1355440188782226,13.554401887822266,feasible,False
BEAUTY,-2.0,331021.53,2115814.383,886280.482,0.4188838534802606,6.3917727133942,3.7143623286376566,6.263937259126316,1.050139908711521,5.0139908711521075,feasible,False
BEAUTY,2.0,331021.53,2115814.383,886280.482,0.4188838534802606,6.3917727133942,3.7143623286376566,6.519608167662084,0.9544298569168037,-4.557014308319629,feasible,False
BEAUTY,5.0,331021.53,2115814.383,886280.482,0.4188838534802606,6.3917727133942,3.7143623286376566,6.71136134906391,0.8933637837411585,-10.663621625884145,feasible,False
BEAUTY,10.0,331021.53,2115814.383,886280.482,0.4188838534802606,6.3917727133942,3.7143623286376566,7.0309499847336205,0.8072786437094169,-19.272135629058308,feasible,False
BEAUTY,15.0,331021.53,2115814.383,886280.482,0.4188838534802606,6.3917727133942,3.7143623286376566,7.35053862040333,0.7363257911393599,-26.367420886064007,feasible,False
BEAUTY,20.0,331021.53,2115814.383,886280.482,0.4188838534802606,6.3917727133942,3.7143623286376566,7.67012725607304,0.6768375861232918,-32.31624138767082,feasible,False
BEVERAGES,-20.0,213992645.703,240999896.131,56544281.734,0.2346236767806086,1.1262064419984008,0.8619717457627287,0.9009651535987206,6.776394034269994,577.6394034269994,feasible,False
BEVERAGES,-15.0,213992645.703,240999896.131,56544281.734,0.2346236767806086,1.1262064419984008,0.8619717457627287,0.9572754756986407,2.772553565462335,177.2553565462335,feasible,False
BEVERAGES,-10.0,213992645.703,240999896.131,56544281.734,0.2346236767806086,1.1262064419984008,0.8619717457627287,1.0135857977985607,1.742811386461881,74.28113864618811,feasible,False
BEVERAGES,-5.0,213992645.703,240999896.131,56544281.734,0.2346236767806086,1.1262064419984008,0.8619717457627287,1.0698961198984807,1.2708211691581457,27.08211691581457,feasible,False
BEVERAGES,-2.0,213992645.703,240999896.131,56544281.734,0.2346236767806086,1.1262064419984008,0.8619717457627287,1.1036823131584328,1.093186363685514,9.318636368551392,feasible,False
BEVERAGES,2.0,213992645.703,240999896.131,56544281.734,0.2346236767806086,1.1262064419984008,0.8619717457627287,1.1487305708383688,0.9214527091397215,-7.854729086027845,feasible,False
BEVERAGES,5.0,213992645.703,240999896.131,56544281.734,0.2346236767806086,1.1262064419984008,0.8619717457627287,1.182516764098321,0.8243294424218242,-17.567055757817585,feasible,False
BEVERAGES,10.0,213992645.703,240999896.131,56544281.734,0.2346236767806086,1.1262064419984008,0.8619717457627287,1.238827086198241,0.7011568309747441,-29.884316902525587,feasible,False
BEVERAGES,15.0,213992645.703,240999896.131,56544281.734,0.2346236767806086,1.1262064419984008,0.8619717457627287,1.2951374082981608,0.6100084080742622,-38.999159192573785,feasible,False
BEVERAGES,20.0,213992645.703,240999896.131,56544281.734,0.2346236767806086,1.1262064419984008,0.8619717457627287,1.351447730398081,0.539831788545296,-46.0168211454704,feasible,False
BOOKS,-20.0,5736.16,59079.306,20781.591,0.35175753418633593,10.299452246799252,6.67654232099523,8.239561797439402,2.317891734814493,131.78917348144932,feasible,False
BOOKS,-15.0,5736.16,59079.306,20781.591,0.35175753418633593,10.299452246799252,6.67654232099523,8.754534409779364,1.7434666596463528,74.34666596463528,feasible,False
BOOKS,-10.0,5736.16,59079.306,20781.591,0.35175753418633593,10.299452246799252,6.67654232099523,9.269507022119328,1.3972075764214704,39.72075764214704,feasible,False
BOOKS,-5.0,5736.16,59079.306,20781.591,0.35175753418633593,10.299452246799252,6.67654232099523,9.784479634459288,1.1656959457029659,16.569594570296587,feasible,False
BOOKS,-2.0,5736.16,59079.306,20781.591,0.35175753418633593,10.299452246799252,6.67654232099523,10.093463201863267,1.0602849911127166,6.028499111271657,feasible,False
BOOKS,2.0,5736.16,59079.306,20781.591,0.35175753418633593,10.299452246799252,6.67654232099523,10.505441291735236,0.946201493821036,-5.379850617896398,feasible,False
BOOKS,5.0,5736.16,59079.306,20781.591,0.35175753418633593,10.299452246799252,6.67654232099523,10.814424859139216,0.8755468267663902,-12.445317323360982,feasible,False
BOOKS,10.0,5736.16,59079.306,20781.591,0.35175753418633593,10.299452246799252,6.67654232099523,11.329397471479178,0.778642319313809,-22.1357680686191,feasible,False
BOOKS,15.0,5736.16,59079.306,20781.591,0.35175753418633593,10.299452246799252,6.67654232099523,11.844370083819138,0.7010508267838086,-29.89491732161914,feasible,False
BOOKS,20.0,5736.16,59079.306,20781.591,0.35175753418633593,10.299452246799252,6.67654232099523,12.359342696159102,0.6375219410552584,-36.24780589447416,feasible,False
BREAD/BAKERY,-20.0,41673014.108,87066986.597,23627364.442,0.2713699573796219,2.0892893989226877,1.522319023783342,1.6714315191381504,3.802299557728272,280.2299557728272,feasible,False
BREAD/BAKERY,-15.0,41673014.108,87066986.597,23627364.442,0.2713699573796219,2.0892893989226877,1.522319023783342,1.7758959890842845,2.2358906869418176,123.58906869418176,feasible,False
BREAD/BAKERY,-10.0,41673014.108,87066986.597,23627364.442,0.2713699573796219,2.0892893989226877,1.522319023783342,1.880360459030419,1.5835328521350927,58.35328521350927,feasible,False
BREAD/BAKERY,-5.0,41673014.108,87066986.597,23627364.442,0.2713699573796219,2.0892893989226877,1.522319023783342,1.9848249289765532,1.2258662403510165,22.586624035101654,feasible,False
BREAD/BAKERY,-2.0,41673014.108,87066986.597,23627364.442,0.2713699573796219,2.0892893989226877,1.522319023783342,2.0475036109442337,1.0795640028286904,7.956400282869036,feasible,False
BREAD/BAKERY,2.0,41673014.108,87066986.597,23627364.442,0.2713699573796219,2.0892893989226877,1.522319023783342,2.1310751869011417,0.9313587434344087,-6.864125656559128,feasible,False
BREAD/BAKERY,5.0,41673014.108,87066986.597,23627364.442,0.2713699573796219,2.0892893989226877,1.522319023783342,2.1937538688688223,0.844416072965598,-15.558392703440205,feasible,False
BREAD/BAKERY,10.0,41673014.108,87066986.597,23627364.442,0.2713699573796219,2.0892893989226877,1.522319023783342,2.298218338814957,0.7307267375487297,-26.927326245127027,feasible,False
BREAD/BAKERY,15.0,41673014.108,87066986.597,23627364.442,0.2713699573796219,2.0892893989226877,1.522319023783342,2.4026828087610905,0.6440182851838638,-35.59817148161362,feasible,False
BREAD/BAKERY,20.0,41673014.108,87066986.597,23627364.442,0.2713699573796219,2.0892893989226877,1.522319023783342,2.507147278707225,0.5757048219368629,-42.42951780631371,feasible,False
CELEBRATION,-20.0,732647.56,3697151.837,1452039.166,0.3927453429065105,5.0462897016950405,3.06438292239723,4.037031761356032,2.037638559687579,103.76385596875788,feasible,False
CELEBRATION,-15.0,732647.56,3697151.837,1452039.166,0.3927453429065105,5.0462897016950405,3.06438292239723,4.289346246440784,1.6179315252930315,61.79315252930315,feasible,False
CELEBRATION,-10.0,732647.56,3697151.837,1452039.166,0.3927453429065105,5.0462897016950405,3.06438292239723,4.541660731525536,1.3415938201002757,34.15938201002757,feasible,False
CELEBRATION,-5.0,732647.56,3697151.837,1452039.166,0.3927453429065105,5.0462897016950405,3.06438292239723,4.7939752166102885,1.1458809026433316,14.588090264333164,feasible,False
CELEBRATION,-2.0,732647.56,3697151.837,1452039.166,0.3927453429065105,5.0462897016950405,3.06438292239723,4.9453639076611395,1.053655935293647,5.365593529364698,feasible,False
CELEBRATION,2.0,732647.56,3697151.837,1452039.166,0.3927453429065105,5.0462897016950405,3.06438292239723,5.1472154957289415,0.9515439717401484,-4.8456028259851625,feasible,False
CELEBRATION,5.0,732647.56,3697151.837,1452039.166,0.3927453429065105,5.0462897016950405,3.06438292239723,5.298604186779793,0.8870682644073392,-11.293173559266078,feasible,False
CELEBRATION,10.0,732647.56,3697151.837,1452039.166,0.3927453429065105,5.0462897016950405,3.06438292239723,5.550918671864545,0.797055413227978,-20.294458677202197,feasible,False
CELEBRATION,15.0,732647.56,3697151.837,1452039.166,0.3927453429065105,5.0462897016950405,3.06438292239723,5.803233156949296,0.7236272923195991,-27.63727076804009,feasible,False
CELEBRATION,20.0,732647.56,3697151.837,1452039.166,0.3927453429065105,5.0462897016950405,3.06438292239723,6.055547642034049,0.6625869736583581,-33.74130263416419,feasible,False
CLEANING,-20.0,96160410.46,239760703.561,56072720.221,0.23386951818288254,2.4933410996694283,1.9102246180137614,1.9946728797355426,6.905014618751764,590.5014618751763,feasible,False
CLEANING,-15.0,96160410.46,239760703.561,56072720.221,0.23386951818288254,2.4933410996694283,1.9102246180137614,2.119339934719014,2.788492449341559,178.84924493415588,feasible,False
CLEANING,-10.0,96160410.46,239760703.561,56072720.221,0.23386951818288254,2.4933410996694283,1.9102246180137614,2.2440069897024855,1.7469960403038687,74.69960403038687,feasible,False
CLEANING,-5.0,96160410.46,239760703.561,56072720.221,0.23386951818288254,2.4933410996694283,1.9102246180137614,2.3686740446859567,1.2719319683552353,27.193196835523526,feasible,False
CLEANING,-2.0,96160410.46,239760703.561,56072720.221,0.23386951818288254,2.4933410996694283,1.9102246180137614,2.4434742776760396,1.0935149626273424,9.351496262734237,feasible,False
CLEANING,2.0,96160410.46,239760703.561,56072720.221,0.23386951818288254,2.4933410996694283,1.9102246180137614,2.543207921662817,0.921219372285599,-7.8780627714400975,feasible,False
CLEANING,5.0,96160410.46,239760703.561,56072720.221,0.23386951818288254,2.4933410996694283,1.9102246180137614,2.6180081546529,0.8238627369361033,-17.613726306389665,feasible,False
CLEANING,10.0,96160410.46,239760703.561,56072720.221,0.23386951818288254,2.4933410996694283,1.9102246180137614,2.742675209636371,0.7004817913768834,-29.951820862311664,feasible,False
CLEANING,15.0,96160410.46,239760703.561,56072720.221,0.23386951818288254,2.4933410996694283,1.9102246180137614,2.8673422646198423,0.6092422219142255,-39.07577780857745,feasible,False
CLEANING,20.0,96160410.46,239760703.561,56072720.221,0.23386951818288254,2.4933410996694283,1.9102246180137614,2.992009319603314,0.5390319171587966,-46.096808284120335,feasible,False
DAIRY,-20.0,63461344.602,112503107.558,25874407.461,0.22998838007795183,1.7727816557239229,1.3650624744920687,1.4182253245791383,7.66924987212113,666.924987212113,feasible,False
DAIRY,-15.0,63461344.602,112503107.558,25874407.461,0.22998838007795183,1.7727816557239229,1.3650624744920687,1.5068644073653343,2.875272381486149,187.5272381486149,feasible,False
DAIRY,-10.0,63461344.602,112503107.558,25874407.461,0.22998838007795183,1.7727816557239229,1.3650624744920687,1.5955034901515306,1.769299532312286,76.9299532312286,feasible,False
DAIRY,-5.0,63461344.602,112503107.558,25874407.461,0.22998838007795183,1.7727816557239229,1.3650624744920687,1.6841425729377266,1.277795710913923,27.779571091392306,feasible,False
DAIRY,-2.0,63461344.602,112503107.558,25874407.461,0.22998838007795183,1.7727816557239229,1.3650624744920687,1.7373260226094445,1.0952433653356228,9.524336533562284,feasible,False
DAIRY,2.0,63461344.602,112503107.558,25874407.461,0.22998838007795183,1.7727816557239229,1.3650624744920687,1.8082372888384013,0.9199962814521077,-8.000371854789234,feasible,False
DAIRY,5.0,63461344.602,112503107.558,25874407.461,0.22998838007795183,1.7727816557239229,1.3650624744920687,1.8614207385101191,0.8214211604564465,-17.857883954355348,feasible,False
DAIRY,10.0,63461344.602,112503107.558,25874407.461,0.22998838007795183,1.7727816557239229,1.3650624744920687,1.9500598212963154,0.6969590263257833,-30.30409736742167,feasible,False
DAIRY,15.0,63461344.602,112503107.558,25874407.461,0.22998838007795183,1.7727816557239229,1.3650624744920687,2.038698904082511,0.6052510869694789,-39.474891303052104,feasible,False
DAIRY,20.0,63461344.602,112503107.558,25874407.461,0.22998838007795183,1.7727816557239229,1.3650624744920687,2.1273379868687075,0.5348711517186991,-46.51288482813008,feasible,False
DELI,-20.0,23882333.818,146175368.109,35719819.854,0.24436278366245986,6.1206483931996765,4.624989713976369,4.8965187145597415,5.508283373778495,450.8283373778495,feasible,False
DELI,-15.0,23882333.818,146175368.109,35719819.854,0.24436278366245986,6.1206483931996765,4.624989713976369,5.202551134219725,2.5896097399644025,158.96097399644026,feasible,False
DELI,-10.0,23882333.818,146175368.109,35719819.854,0.24436278366245986,6.1206483931996765,4.624989713976369,5.508583553879709,1.6926993056175326,69.26993056175326,feasible,False
DELI,-5.0,23882333.818,146175368.109,35719819.854,0.24436278366245986,6.1206483931996765,4.624989713976369,5.814615973539692,1.2572508947331837,25.725089473318373,feasible,False
DELI,-2.0,23882333.818,146175368.109,35719819.854,0.24436278366245986,6.1206483931996765,4.624989713976369,5.998235425335682,1.0891413436467643,8.914134364676428,feasible,False
DELI,2.0,23882333.818,146175368.109,35719819.854,0.24436278366245986,6.1206483931996765,4.624989713976369,6.2430613610636705,0.924346385966581,-7.565361403341897,feasible,False
DELI,5.0,23882333.818,146175368.109,35719819.854,0.24436278366245986,6.1206483931996765,4.624989713976369,6.426680812859661,0.830141570962537,-16.985842903746295,feasible,False
DELI,10.0,23882333.818,146175368.109,35719819.854,0.24436278366245986,6.1206483931996765,4.624989713976369,6.732713232519645,0.7096085734455592,-29.039142655444085,feasible,False
DELI,15.0,23882333.818,146175368.109,35719819.854,0.24436278366245986,6.1206483931996765,4.624989713976369,7.038745652179627,0.6196395648520756,-38.03604351479244,feasible,False
DELI,20.0,23882333.818,146175368.109,35719819.854,0.24436278366245986,6.1206483931996765,4.624989713976369,7.344778071839611,0.5499173032638103,-45.00826967361897,feasible,False
EGGS,-20.0,15427769.5,37029779.002,7881812.036,0.21285063666122067,2.400203023645122,1.8893182819460712,1.9201624189160977,16.563431234776065,1556.3431234776065,feasible,False
EGGS,-15.0,15427769.5,37029779.002,7881812.036,0.21285063666122067,2.400203023645122,1.8893182819460712,2.040172570098354,3.3866106688550244,238.66106688550244,feasible,False
EGGS,-10.0,15427769.5,37029779.002,7881812.036,0.21285063666122067,2.400203023645122,1.8893182819460712,2.16018272128061,1.8861270344464385,88.61270344464384,feasible,False
EGGS,-5.0,15427769.5,37029779.002,7881812.036,0.21285063666122067,2.400203023645122,1.8893182819460712,2.280192872462866,1.3070298098005926,30.70298098005926,feasible,False
EGGS,-2.0,15427769.5,37029779.002,7881812.036,0.21285063666122067,2.400203023645122,1.8893182819460712,2.3521989631722198,1.1037072023523253,10.370720235232533,feasible,False
EGGS,2.0,15427769.5,37029779.002,7881812.036,0.21285063666122067,2.400203023645122,1.8893182819460712,2.4482070841180246,0.9141080295644696,-8.589197043553042,feasible,False
EGGS,5.0,15427769.5,37029779.002,7881812.036,0.21285063666122067,2.400203023645122,1.8893182819460712,2.5202131748273784,0.8097779003501395,-19.022209964986047,feasible,False
EGGS,10.0,15427769.5,37029779.002,7881812.036,0.21285063666122067,2.400203023645122,1.8893182819460712,2.6402233260096346,0.6803586495229418,-31.96413504770582,feasible,False
EGGS,15.0,15427769.5,37029779.002,7881812.036,0.21285063666122067,2.400203023645122,1.8893182819460712,2.7602334771918904,0.5866067608969112,-41.33932391030888,feasible,False
EGGS,20.0,15427769.5,37029779.002,7881812.036,0.21285063666122067,2.400203023645122,1.8893182819460712,2.8802436283741466,0.5155633000413242,-48.44366999586758,feasible,False
FROZEN FOODS,-20.0,13688599.813,57809886.031,14518614.898,0.2511441536178523,4.223213975186726,3.16257847584137,3.378571180149381,4.9105153933017345,391.05153933017345,feasible,False
FROZEN FOODS,-15.0,13688599.813,57809886.031,14518614.898,0.2511441536178523,4.223213975186726,3.16257847584137,3.5897318789087174,2.4830318375764673,148.30318375764674,feasible,False
FROZEN FOODS,-10.0,13688599.813,57809886.031,14518614.898,0.2511441536178523,4.223213975186726,3.16257847584137,3.800892577668054,1.6616200336325053,66.16200336325053,feasible,False
FROZEN FOODS,-5.0,13688599.813,57809886.031,14518614.898,0.2511441536178523,4.223213975186726,3.16257847584137,4.01205327642739,1.2485779432346489,24.857794323464887,feasible,False
FROZEN FOODS,-2.0,13688599.813,57809886.031,14518614.898,0.2511441536178523,4.223213975186726,3.16257847584137,4.138749695682992,1.0865260906969152,8.652609069691518,feasible,False
FROZEN FOODS,2.0,13688599.813,57809886.031,14518614.898,0.2511441536178523,4.223213975186726,3.16257847584137,4.307678254690461,0.9262384981083243,-7.376150189167574,feasible,False
FROZEN FOODS,5.0,13688599.813,57809886.031,14518614.898,0.2511441536178523,4.223213975186726,3.16257847584137,4.4343746739460626,0.8339665592065609,-16.603344079343906,feasible,False
FROZEN FOODS,10.0,13688599.813,57809886.031,14518614.898,0.2511441536178523,4.223213975186726,3.16257847584137,4.6455353727054,0.7152166739223876,-28.478332607761235,feasible,False
FROZEN FOODS,15.0,13688599.813,57809886.031,14518614.898,0.2511441536178523,4.223213975186726,3.16257847584137,4.856696071464735,0.6260695845940294,-37.39304154059706,feasible,False
FROZEN FOODS,20.0,13688599.813,57809886.031,14518614.898,0.2511441536178523,4.223213975186726,3.16257847584137,5.067856770224071,0.5566827179380613,-44.331728206193866,feasible,False
GROCERY I,-20.0,338012801.538,506331312.506,91375086.409,0.180465012042717,1.4979649001520947,1.2276346464065797,1.1983719201216758,,,margin_cannot_be_restored,True
GROCERY I,-15.0,338012801.538,506331312.506,91375086.409,0.180465012042717,1.4979649001520947,1.2276346464065797,1.2732701651292804,5.9236809685049545,492.3680968504955,feasible,False
GROCERY I,-10.0,338012801.538,506331312.506,91375086.409,0.180465012042717,1.4979649001520947,1.2276346464065797,1.3481684101368854,2.242776176394684,124.27761763946839,feasible,False
GROCERY I,-5.0,338012801.538,506331312.506,91375086.409,0.180465012042717,1.4979649001520947,1.2276346464065797,1.42306665514449,1.3832445129704887,38.32445129704887,feasible,False
GROCERY I,-2.0,338012801.538,506331312.506,91375086.409,0.180465012042717,1.4979649001520947,1.2276346464065797,1.4680056021490528,1.1246377621227226,12.46377621227226,feasible,False
GROCERY I,2.0,338012801.538,506331312.506,91375086.409,0.180465012042717,1.4979649001520947,1.2276346464065797,1.5279241981551366,0.9002319666848487,-9.976803331515127,feasible,False
GROCERY I,5.0,338012801.538,506331312.506,91375086.409,0.180465012042717,1.4979649001520947,1.2276346464065797,1.5728631451596995,0.7830473287167232,-21.69526712832768,feasible,False
GROCERY I,10.0,338012801.538,506331312.506,91375086.409,0.180465012042717,1.4979649001520947,1.2276346464065797,1.6477613901673043,0.6434492870548529,-35.655071294514705,feasible,False
GROCERY I,15.0,338012801.538,506331312.506,91375086.409,0.180465012042717,1.4979649001520947,1.2276346464065797,1.7226596351749088,0.5460941566164635,-45.39058433835365,feasible,False
GROCERY I,20.0,338012801.538,506331312.506,91375086.409,0.180465012042717,1.4979649001520947,1.2276346464065797,1.7975578801825136,0.4743274843429103,-52.56725156570897,feasible,False
GROCERY II,-20.0,1937092.0,6262512.952,1789676.912,0.2857761613775901,3.2329455451780293,2.3090467773342724,2.586356436142424,3.331650155333858,233.1650155333858,feasible,False
GROCERY II,-15.0,1937092.0,6262512.952,1789676.912,0.2857761613775901,3.2329455451780293,2.3090467773342724,2.748003713401325,2.104759469395027,110.47594693950269,feasible,False
GROCERY II,-10.0,1937092.0,6262512.952,1789676.912,0.2857761613775901,3.2329455451780293,2.3090467773342724,2.9096509906602264,1.5382821954036934,53.82821954036934,feasible,False
GROCERY II,-5.0,1937092.0,6262512.952,1789676.912,0.2857761613775901,3.2329455451780293,2.3090467773342724,3.071298267919128,1.212065544319072,21.2065544319072,feasible,False
GROCERY II,-2.0,1937092.0,6262512.952,1789676.912,0.2857761613775901,3.2329455451780293,2.3090467773342724,3.1682866342744687,1.0752512937817094,7.525129378170936,feasible,False
GROCERY II,2.0,1937092.0,6262512.952,1789676.912,0.2857761613775901,3.2329455451780293,2.3090467773342724,3.29760445608159,0.934592677500118,-6.540732249988201,feasible,False
GROCERY II,5.0,1937092.0,6262512.952,1789676.912,0.2857761613775901,3.2329455451780293,2.3090467773342724,3.394592822436931,0.851091275226732,-14.8908724773268,feasible,False
GROCERY II,10.0,1937092.0,6262512.952,1789676.912,0.2857761613775901,3.2329455451780293,2.3090467773342724,3.5562400996958328,0.7407823240220331,-25.921767597796684,feasible,False
GROCERY II,15.0,1937092.0,6262512.952,1789676.912,0.2857761613775901,3.2329455451780293,2.3090467773342724,3.7178873769547334,0.6557865865681707,-34.42134134318293,feasible,False
GROCERY II,20.0,1937092.0,6262512.952,1789676.912,0.2857761613775901,3.2329455451780293,2.3090467773342724,3.879534654213635,0.5882877425832728,-41.17122574167272,feasible,False
HARDWARE,-20.0,101155.7,824076.218,260507.801,0.31612100350649847,8.146611787571041,5.5712966941062145,6.517289430056834,2.722341298822891,172.2341298822891,feasible,False
HARDWARE,-15.0,101155.7,824076.218,260507.801,0.31612100350649847,8.146611787571041,5.5712966941062145,6.924620019435385,1.9029562597972878,90.29562597972878,feasible,False
HARDWARE,-10.0,101155.7,824076.218,260507.801,0.31612100350649847,8.146611787571041,5.5712966941062145,7.331950608813937,1.462703755662476,46.2703755662476,feasible,False
HARDWARE,-5.0,101155.7,824076.218,260507.801,0.31612100350649847,8.146611787571041,5.5712966941062145,7.739281198192489,1.1878844560977277,18.788445609772776,feasible,False
HARDWARE,-2.0,101155.7,824076.218,260507.801,0.31612100350649847,8.146611787571041,5.5712966941062145,7.983679551819621,1.0675399575280755,6.753995752807551,feasible,False
HARDWARE,2.0,101155.7,824076.218,260507.801,0.31612100350649847,8.146611787571041,5.5712966941062145,8.309544023322463,0.9404976190379208,-5.950238096207916,feasible,False
HARDWARE,5.0,101155.7,824076.218,260507.801,0.31612100350649847,8.146611787571041,5.5712966941062145,8.553942376949594,0.8634331286074045,-13.65668713925955,feasible,False
HARDWARE,10.0,101155.7,824076.218,260507.801,0.31612100350649847,8.146611787571041,5.5712966941062145,8.961272966328146,0.7596852858727705,-24.03147141272295,feasible,False
HARDWARE,15.0,101155.7,824076.218,260507.801,0.31612100350649847,8.146611787571041,5.5712966941062145,9.368603555706697,0.6781951491745882,-32.180485082541175,feasible,False
HARDWARE,20.0,101155.7,824076.218,260507.801,0.31612100350649847,8.146611787571041,5.5712966941062145,9.77593414508525,0.6124939720700946,-38.75060279299054,feasible,False
HOME AND KITCHEN I,-20.0,1796998.26,16694622.459,5098898.974,0.3054216402031425,9.290283040674732,6.452829556440416,7.432226432539785,2.8971436947348717,189.71436947348715,feasible,False
HOME AND KITCHEN I,-15.0,1796998.26,16694622.459,5098898.974,0.3054216402031425,9.290283040674732,6.452829556440416,7.8967405845735215,1.9651165680914433,96.51165680914433,feasible,False
HOME AND KITCHEN I,-10.0,1796998.26,16694622.459,5098898.974,0.3054216402031425,9.290283040674732,6.452829556440416,8.36125473660726,1.4868036293601272,48.68036293601272,feasible,False
HOME AND KITCHEN I,-5.0,1796998.26,16694622.459,5098898.974,0.3054216402031425,9.290283040674732,6.452829556440416,8.825768888640996,1.1957547526522572,19.575475265225716,feasible,False
HOME AND KITCHEN I,-2.0,1796998.26,16694622.459,5098898.974,0.3054216402031425,9.290283040674732,6.452829556440416,9.104477379861237,1.0700717716630226,7.007177166302259,feasible,False
HOME AND KITCHEN I,2.0,1796998.26,16694622.459,5098898.974,0.3054216402031425,9.290283040674732,6.452829556440416,9.476088701488226,0.9385412722168226,-6.14587277831774,feasible,False
HOME AND KITCHEN I,5.0,1796998.26,16694622.459,5098898.974,0.3054216402031425,9.290283040674732,6.452829556440416,9.754797192708468,0.8593220154759785,-14.067798452402148,feasible,False
HOME AND KITCHEN I,10.0,1796998.26,16694622.459,5098898.974,0.3054216402031425,9.290283040674732,6.452829556440416,10.219311344742206,0.7533432109102672,-24.665678908973277,feasible,False
HOME AND KITCHEN I,15.0,1796998.26,16694622.459,5098898.974,0.3054216402031425,9.290283040674732,6.452829556440416,10.68382549677594,0.6706348869739877,-32.93651130260123,feasible,False
HOME AND KITCHEN I,20.0,1796998.26,16694622.459,5098898.974,0.3054216402031425,9.290283040674732,6.452829556440416,11.148339648809678,0.6042907859671093,-39.57092140328907,feasible,False
HOME AND KITCHEN II,-20.0,1482101.37,16476802.202,4594084.206,0.2788213483222101,11.11718977899602,8.017479935262458,8.893751823196816,3.537383643609208,253.7383643609208,feasible,False
HOME AND KITCHEN II,-15.0,1482101.37,16476802.202,4594084.206,0.2788213483222101,11.11718977899602,8.017479935262458,9.449611312146617,2.1644032759602663,116.44032759602663,feasible,False
HOME AND KITCHEN II,-10.0,1482101.37,16476802.202,4594084.206,0.2788213483222101,11.11718977899602,8.017479935262458,10.005470801096418,1.5592173470239947,55.921734702399476,feasible,False
HOME AND KITCHEN II,-5.0,1482101.37,16476802.202,4594084.206,0.2788213483222101,11.11718977899602,8.017479935262458,10.561330290046218,1.2185110802231334,21.851108022313337,feasible,False
HOME AND KITCHEN II,-2.0,1482101.37,16476802.202,4594084.206,0.2788213483222101,11.11718977899602,8.017479935262458,10.894845983416099,1.0772733784506128,7.727337845061277,feasible,False
HOME AND KITCHEN II,2.0,1482101.37,16476802.202,4594084.206,0.2788213483222101,11.11718977899602,8.017479935262458,11.33953357457594,0.9330703776276565,-6.692962237234346,feasible,False
HOME AND KITCHEN II,5.0,1482101.37,16476802.202,4594084.206,0.2788213483222101,11.11718977899602,8.017479935262458,11.67304926794582,0.8479417463156763,-15.205825368432368,feasible,False
HOME AND KITCHEN II,10.0,1482101.37,16476802.202,4594084.206,0.2788213483222101,11.11718977899602,8.017479935262458,12.228908756895622,0.7360233248656723,-26.397667513432765,feasible,False
HOME AND KITCHEN II,15.0,1482101.37,16476802.202,4594084.206,0.2788213483222101,11.11718977899602,8.017479935262458,12.784768245845422,0.6502039821783963,-34.97960178216037,feasible,False
HOME AND KITCHEN II,20.0,1482101.37,16476802.202,4594084.206,0.2788213483222101,11.11718977899602,8.017479935262458,13.340627734795223,0.5823076796788615,-41.76923203211385,feasible,False
HOME APPLIANCES,-20.0,40211.37,2022905.848,529758.189,0.2618798049962432,50.306812426435606,37.13247419821806,40.245449941148486,4.23207224088929,323.207224088929,feasible,False
HOME APPLIANCES,-15.0,40211.37,2022905.848,529758.189,0.2618798049962432,50.306812426435606,37.13247419821806,42.76079056247026,2.340724539205595,134.0724539205595,feasible,False
HOME APPLIANCES,-10.0,40211.37,2022905.848,529758.189,0.2618798049962432,50.306812426435606,37.13247419821806,45.276131183792046,1.6177422810851592,61.77422810851591,feasible,False
HOME APPLIANCES,-5.0,40211.37,2022905.848,529758.189,0.2618798049962432,50.306812426435606,37.13247419821806,47.79147180511382,1.235982848865122,23.59828488651221,feasible,False
HOME APPLIANCES,-2.0,40211.37,2022905.848,529758.189,0.2618798049962432,50.306812426435606,37.13247419821806,49.300676177906894,1.0826856958988809,8.268569589888086,feasible,False
HOME APPLIANCES,2.0,40211.37,2022905.848,529758.189,0.2618798049962432,50.306812426435606,37.13247419821806,51.31294867496432,0.9290477726835856,-7.095222731641437,feasible,False
HOME APPLIANCES,5.0,40211.37,2022905.848,529758.189,0.2618798049962432,50.306812426435606,37.13247419821806,52.82215304775739,0.8396818287076899,-16.03181712923101,feasible,False
HOME APPLIANCES,10.0,40211.37,2022905.848,529758.189,0.2618798049962432,50.306812426435606,37.13247419821806,55.33749366907917,0.723665154508862,-27.633484549113795,feasible,False
HOME APPLIANCES,15.0,40211.37,2022905.848,529758.189,0.2618798049962432,50.306812426435606,37.13247419821806,57.85283429040094,0.6358160847401387,-36.418391525986124,feasible,False
HOME APPLIANCES,20.0,40211.37,2022905.848,529758.189,0.2618798049962432,50.306812426435606,37.13247419821806,60.368174911722726,0.5669869133991975,-43.30130866008025,feasible,False
HOME CARE,-20.0,15743165.01,51322078.545,10892864.194,0.21224518770121453,3.2599593863368903,2.568048694549,2.6079675090695122,17.332946858802604,1633.2946858802604,feasible,False
HOME CARE,-15.0,15743165.01,51322078.545,10892864.194,0.21224518770121453,3.2599593863368903,2.568048694549,2.7709654783863567,3.409824848147629,240.9824848147629,feasible,False
HOME CARE,-10.0,15743165.01,51322078.545,10892864.194,0.21224518770121453,3.2599593863368903,2.568048694549,2.9339634477032015,1.8909067911774535,89.09067911774535,feasible,False
HOME CARE,-5.0,15743165.01,51322078.545,10892864.194,0.21224518770121453,3.2599593863368903,2.568048694549,3.0969614170200455,1.3081755502793608,30.817555027936084,feasible,False
HOME CARE,-2.0,15743165.01,51322078.545,10892864.194,0.21224518770121453,3.2599593863368903,2.568048694549,3.1947601986101524,1.1040338134813745,10.403381348137453,feasible,False
HOME CARE,2.0,15743165.01,51322078.545,10892864.194,0.21224518770121453,3.2599593863368903,2.568048694549,3.3251585740636282,0.91388411446557,-8.611588553442996,feasible,False
HOME CARE,5.0,15743165.01,51322078.545,10892864.194,0.21224518770121453,3.2599593863368903,2.568048694549,3.422957355653735,0.8093387320534293,-19.066126794657066,feasible,False
HOME CARE,10.0,15743165.01,51322078.545,10892864.194,0.21224518770121453,3.2599593863368903,2.568048694549,3.5859553249705796,0.6797388592720622,-32.026114072793774,feasible,False
HOME CARE,15.0,15743165.01,51322078.545,10892864.194,0.21224518770121453,3.2599593863368903,2.568048694549,3.7489532942874235,0.5859158241634881,-41.40841758365119,feasible,False
HOME CARE,20.0,15743165.01,51322078.545,10892864.194,0.21224518770121453,3.2599593863368903,2.568048694549,3.9119512636042684,0.5148518261298535,-48.51481738701465,feasible,False
LADIESWEAR,-20.0,633234.98,9782806.71,5066316.021,0.5178795995040159,15.448936048984535,7.448247233594076,12.359148839187629,1.629169032275295,62.916903227529495,feasible,False
LADIESWEAR,-15.0,633234.98,9782806.71,5066316.021,0.5178795995040159,15.448936048984535,7.448247233594076,13.131595641636855,1.4077420987796923,40.77420987796923,feasible,False
LADIESWEAR,-10.0,633234.98,9782806.71,5066316.021,0.5178795995040159,15.448936048984535,7.448247233594076,13.904042444086082,1.2393033785776828,23.93033785776828,feasible,False
LADIESWEAR,-5.0,633234.98,9782806.71,5066316.021,0.5178795995040159,15.448936048984535,7.448247233594076,14.676489246535308,1.1068650995961427,10.686509959614266,feasible,False
LADIESWEAR,-2.0,633234.98,9782806.71,5066316.021,0.5178795995040159,15.448936048984535,7.448247233594076,15.139957328004844,1.0401703544791228,4.017035447912276,feasible,False
LADIESWEAR,2.0,633234.98,9782806.71,5066316.021,0.5178795995040159,15.448936048984535,7.448247233594076,15.757914769964227,0.9628169575153208,-3.7183042484679185,feasible,False
LADIESWEAR,5.0,633234.98,9782806.71,5066316.021,0.5178795995040159,15.448936048984535,7.448247233594076,16.221382851433763,0.9119531674607261,-8.804683253927392,feasible,False
LADIESWEAR,10.0,633234.98,9782806.71,5066316.021,0.5178795995040159,15.448936048984535,7.448247233594076,16.99382965388299,0.8381561713960585,-16.18438286039415,feasible,False
LADIESWEAR,15.0,633234.98,9782806.71,5066316.021,0.5178795995040159,15.448936048984535,7.448247233594076,17.766276456332214,0.7754086213871575,-22.45913786128425,feasible,False
LADIESWEAR,20.0,633234.98,9782806.71,5066316.021,0.5178795995040159,15.448936048984535,7.448247233594076,18.53872325878144,0.7214017501845987,-27.859824981540125,feasible,False
LAWN AND GARDEN,-20.0,533928.98,4811628.432,1505584.296,0.31290535361937527,9.01173866232172,6.191917389462546,7.209390929857377,2.7713951871072195,177.13951871072194,feasible,False
LAWN AND GARDEN,-15.0,533928.98,4811628.432,1505584.296,0.31290535361937527,9.01173866232172,6.191917389462546,7.659977862973462,1.9207800521428635,92.07800521428635,feasible,False
LAWN AND GARDEN,-10.0,533928.98,4811628.432,1505584.296,0.31290535361937527,9.01173866232172,6.191917389462546,8.110564796089548,1.4696922754642259,46.96922754642259,feasible,False
LAWN AND GARDEN,-5.0,533928.98,4811628.432,1505584.296,0.31290535361937527,9.01173866232172,6.191917389462546,8.561151729205633,1.1901825098335128,19.01825098335128,feasible,False
LAWN AND GARDEN,-2.0,533928.98,4811628.432,1505584.296,0.31290535361937527,9.01173866232172,6.191917389462546,8.831503889075286,1.0682814422913882,6.828144229138822,feasible,False
LAWN AND GARDEN,2.0,533928.98,4811628.432,1505584.296,0.31290535361937527,9.01173866232172,6.191917389462546,9.191973435568155,0.9399228646143466,-6.007713538565341,feasible,False
LAWN AND GARDEN,5.0,533928.98,4811628.432,1505584.296,0.31290535361937527,9.01173866232172,6.191917389462546,9.462325595437807,0.8622230300508564,-13.777696994914358,feasible,False
LAWN AND GARDEN,10.0,533928.98,4811628.432,1505584.296,0.31290535361937527,9.01173866232172,6.191917389462546,9.912912528553893,0.7578137480576672,-24.21862519423328,feasible,False
LAWN AND GARDEN,15.0,533928.98,4811628.432,1505584.296,0.31290535361937527,9.01173866232172,6.191917389462546,10.363499461669978,0.6759596776594256,-32.404032234057446,feasible,False
LAWN AND GARDEN,20.0,533928.98,4811628.432,1505584.296,0.31290535361937527,9.01173866232172,6.191917389462546,10.814086394786065,0.6100645107549041,-38.99354892450959,feasible,False
LINGERIE,-20.0,638776.51,6439421.67,3499617.315,0.5434676426462378,10.080867986206943,4.602242425915129,8.064694388965554,1.5822964820182333,58.22964820182332,feasible,False
LINGERIE,-15.0,638776.51,6439421.67,3499617.315,0.5434676426462378,10.080867986206943,4.602242425915129,8.568737788275902,1.3812257571961597,38.122575719615966,feasible,False
LINGERIE,-10.0,638776.51,6439421.67,3499617.315,0.5434676426462378,10.080867986206943,4.602242425915129,9.07278118758625,1.2254955951313269,22.54955951313269,feasible,False
LINGERIE,-5.0,638776.51,6439421.67,3499617.315,0.5434676426462378,10.080867986206943,4.602242425915129,9.576824586896596,1.101323766097151,10.13237660971511,feasible,False
LINGERIE,-2.0,638776.51,6439421.67,3499617.315,0.5434676426462378,10.080867986206943,4.602242425915129,9.879250626482804,1.0382067550515555,3.8206755051555463,feasible,False
LINGERIE,2.0,638776.51,6439421.67,3499617.315,0.5434676426462378,10.080867986206943,4.602242425915129,10.282485345931082,0.9645055039787678,-3.5494496021232225,feasible,False
LINGERIE,5.0,638776.51,6439421.67,3499617.315,0.5434676426462378,10.080867986206943,4.602242425915129,10.584911385517291,0.9157494083804587,-8.42505916195413,feasible,False
LINGERIE,10.0,638776.51,6439421.67,3499617.315,0.5434676426462378,10.080867986206943,4.602242425915129,11.088954784827639,0.8445920301621485,-15.540796983785155,feasible,False
LINGERIE,15.0,638776.51,6439421.67,3499617.315,0.5434676426462378,10.080867986206943,4.602242425915129,11.592998184137985,0.7836957476089187,-21.63042523910813,feasible,False
LINGERIE,20.0,638776.51,6439421.67,3499617.315,0.5434676426462378,10.080867986206943,4.602242425915129,12.097041583448332,0.7309903100985855,-26.90096899014145,feasible,False
"LIQUOR,WINE,BEER",-20.0,7617076.19,55929770.78,14502599.944,0.25930018560322804,7.34268233438794,5.43872344212432,5.874145867510353,4.3726707254877955,337.26707254877954,feasible,False
"LIQUOR,WINE,BEER",-15.0,7617076.19,55929770.78,14502599.944,0.25930018560322804,7.34268233438794,5.43872344212432,6.241279984229749,2.372367294457457,137.2367294457457,feasible,False
"LIQUOR,WINE,BEER",-10.0,7617076.19,55929770.78,14502599.944,0.25930018560322804,7.34268233438794,5.43872344212432,6.608414100949147,1.6277456590607615,62.77456590607615,feasible,False
"LIQUOR,WINE,BEER",-5.0,7617076.19,55929770.78,14502599.944,0.25930018560322804,7.34268233438794,5.43872344212432,6.975548217668543,1.2388913313951158,23.889133139511575,feasible,False
"LIQUOR,WINE,BEER",-2.0,7617076.19,55929770.78,14502599.944,0.25930018560322804,7.34268233438794,5.43872344212432,7.195828687700182,1.0835770350515357,8.35770350515357,feasible,False
"LIQUOR,WINE,BEER",2.0,7617076.19,55929770.78,14502599.944,0.25930018560322804,7.34268233438794,5.43872344212432,7.489535981075699,0.9283924571807772,-7.1607542819222765,feasible,False
"LIQUOR,WINE,BEER",5.0,7617076.19,55929770.78,14502599.944,0.25930018560322804,7.34268233438794,5.43872344212432,7.709816451107338,0.8383447462131812,-16.165525378681878,feasible,False
"LIQUOR,WINE,BEER",10.0,7617076.19,55929770.78,14502599.944,0.25930018560322804,7.34268233438794,5.43872344212432,8.076950567826735,0.7216811902501238,-27.831880974987623,feasible,False
"LIQUOR,WINE,BEER",15.0,7617076.19,55929770.78,14502599.944,0.25930018560322804,7.34268233438794,5.43872344212432,8.44408468454613,0.6335208111891534,-36.647918881084664,feasible,False
"LIQUOR,WINE,BEER",20.0,7617076.19,55929770.78,14502599.944,0.25930018560322804,7.34268233438794,5.43872344212432,8.811218801265529,0.5645549332027215,-43.544506679727846,feasible,False
MAGAZINES,-20.0,256552.44,877903.698,244461.303,0.2784602725298009,3.421926908978141,2.4690562093270287,2.737541527182513,3.549060735470117,254.90607354701172,feasible,False
MAGAZINES,-15.0,256552.44,877903.698,244461.303,0.2784602725298009,3.421926908978141,2.4690562093270287,2.9086378726314197,2.1676761775918094,116.76761775918094,feasible,False
MAGAZINES,-10.0,256552.44,877903.698,244461.303,0.2784602725298009,3.421926908978141,2.4690562093270287,3.079734218080327,1.5603488024669532,56.034880246695316,feasible,False
MAGAZINES,-5.0,256552.44,877903.698,244461.303,0.2784602725298009,3.421926908978141,2.4690562093270287,3.2508305635292336,1.2188564315639512,21.88564315639512,feasible,False
MAGAZINES,-2.0,256552.44,877903.698,244461.303,0.2784602725298009,3.421926908978141,2.4690562093270287,3.353488370798578,1.077381331390858,7.738133139085801,feasible,False
MAGAZINES,2.0,256552.44,877903.698,244461.303,0.2784602725298009,3.421926908978141,2.4690562093270287,3.4903654471577035,0.932989406494618,-6.701059350538197,feasible,False
MAGAZINES,5.0,256552.44,877903.698,244461.303,0.2784602725298009,3.421926908978141,2.4690562093270287,3.593023254427048,0.8477745889483072,-15.222541105169284,feasible,False
MAGAZINES,10.0,256552.44,877903.698,244461.303,0.2784602725298009,3.421926908978141,2.4690562093270287,3.764119599875955,0.7357714738945929,-26.422852610540716,feasible,False
MAGAZINES,15.0,256552.44,877903.698,244461.303,0.2784602725298009,3.421926908978141,2.4690562093270287,3.9352159453248614,0.6499091990154886,-35.009080098451136,feasible,False
MAGAZINES,20.0,256552.44,877903.698,244461.303,0.2784602725298009,3.421926908978141,2.4690562093270287,4.106312290773769,0.5819924631515921,-41.800753684840785,feasible,False
MEATS,-20.0,30705830.389,171755826.042,34847868.12,0.20289191303169266,5.593590007698651,4.458695830289145,4.474872006158921,70.15837295526812,6915.837295526812,feasible,False
MEATS,-15.0,30705830.389,171755826.042,34847868.12,0.20289191303169266,5.593590007698651,4.458695830289145,4.754551506543853,3.8359722952376574,283.59722952376575,feasible,False
MEATS,-10.0,30705830.389,171755826.042,34847868.12,0.20289191303169266,5.593590007698651,4.458695830289145,5.034231006928787,1.9718936800134925,97.18936800134925,feasible,False
MEATS,-5.0,30705830.389,171755826.042,34847868.12,0.20289191303169266,5.593590007698651,4.458695830289145,5.313910507313719,1.327028415097636,32.702841509763594,feasible,False
MEATS,-2.0,30705830.389,171755826.042,34847868.12,0.20289191303169266,5.593590007698651,4.458695830289145,5.481718207544678,1.1093542063641395,10.935420636413951,feasible,False
MEATS,2.0,30705830.389,171755826.042,34847868.12,0.20289191303169266,5.593590007698651,4.458695830289145,5.7054618078526245,0.9102704098683193,-8.972959013168069,feasible,False
MEATS,5.0,30705830.389,171755826.042,34847868.12,0.20289191303169266,5.593590007698651,4.458695830289145,5.873269508083584,0.8022870743449437,-19.771292565505625,feasible,False
MEATS,10.0,30705830.389,171755826.042,34847868.12,0.20289191303169266,5.593590007698651,4.458695830289145,6.152949008468517,0.6698492244342732,-33.01507755657268,feasible,False
MEATS,15.0,30705830.389,171755826.042,34847868.12,0.20289191303169266,5.593590007698651,4.458695830289145,6.4326285088534485,0.5749406703277762,-42.50593296722238,feasible,False
MEATS,20.0,30705830.389,171755826.042,34847868.12,0.20289191303169266,5.593590007698651,4.458695830289145,6.712308009238382,0.5035889440047723,-49.641105599522774,feasible,False
PERSONAL CARE,-20.0,24280827.358,95214925.917,30328735.412,0.3185292129349334,3.92140368666757,2.6723220567532033,3.1371229493340564,2.687347743630003,168.73477436300027,feasible,False
PERSONAL CARE,-15.0,24280827.358,95214925.917,30328735.412,0.3185292129349334,3.92140368666757,2.6723220567532033,3.3331931336674345,1.8900534060994678,89.00534060994678,feasible,False
PERSONAL CARE,-10.0,24280827.358,95214925.917,30328735.412,0.3185292129349334,3.92140368666757,2.6723220567532033,3.529263318000813,1.4576047232173703,45.76047232173703,feasible,False
PERSONAL CARE,-5.0,24280827.358,95214925.917,30328735.412,0.3185292129349334,3.92140368666757,2.6723220567532033,3.7253335023341916,1.1861994806952916,18.61994806952916,feasible,False
PERSONAL CARE,-2.0,24280827.358,95214925.917,30328735.412,0.3185292129349334,3.92140368666757,2.6723220567532033,3.8429756129342185,1.0669951185124358,6.699511851243578,feasible,False
PERSONAL CARE,2.0,24280827.358,95214925.917,30328735.412,0.3185292129349334,3.92140368666757,2.6723220567532033,3.9998317604009217,0.9409209036153577,-5.907909638464226,feasible,False
PERSONAL CARE,5.0,24280827.358,95214925.917,30328735.412,0.3185292129349334,3.92140368666757,2.6723220567532033,4.117473871000949,0.8643255453161922,-13.567445468380779,feasible,False
PERSONAL CARE,10.0,24280827.358,95214925.917,30328735.412,0.3185292129349334,3.92140368666757,2.6723220567532033,4.313544055334328,0.7610680523379704,-23.893194766202964,feasible,False
PERSONAL CARE,15.0,24280827.358,95214925.917,30328735.412,0.3185292129349334,3.92140368666757,2.6723220567532033,4.509614239667705,0.679849205003934,-32.0150794996066,feasible,False
PERSONAL CARE,20.0,24280827.358,95214925.917,30328735.412,0.3185292129349334,3.92140368666757,2.6723220567532033,4.705684424001084,0.6142936694579315,-38.57063305420685,feasible,False
PET SUPPLIES,-20.0,348174.65,2431918.332,688221.06,0.2829951363679264,6.984765639887912,5.008110935129826,5.58781251191033,3.4097797624354573,240.97797624354573,feasible,False
PET SUPPLIES,-15.0,348174.65,2431918.332,688221.06,0.2829951363679264,6.984765639887912,5.008110935129826,5.937050793904725,2.127860793232545,112.78607932325451,feasible,False
PET SUPPLIES,-10.0,348174.65,2431918.332,688221.06,0.2829951363679264,6.984765639887912,5.008110935129826,6.286289075899121,1.546462610891155,54.6462610891155,feasible,False
PET SUPPLIES,-5.0,348174.65,2431918.332,688221.06,0.2829951363679264,6.984765639887912,5.008110935129826,6.635527357893516,1.2145967541616156,21.45967541616156,feasible,False
PET SUPPLIES,-2.0,348174.65,2431918.332,688221.06,0.2829951363679264,6.984765639887912,5.008110935129826,6.845070327090154,1.0760470337064345,7.604703370643451,feasible,False
PET SUPPLIES,2.0,348174.65,2431918.332,688221.06,0.2829951363679264,6.984765639887912,5.008110935129826,7.12446095268567,0.9339923398119696,-6.600766018803039,feasible,False
PET SUPPLIES,5.0,348174.65,2431918.332,688221.06,0.2829951363679264,6.984765639887912,5.008110935129826,7.334003921882307,0.8498476567995427,-15.015234320045733,feasible,False
PET SUPPLIES,10.0,348174.65,2431918.332,688221.06,0.2829951363679264,6.984765639887912,5.008110935129826,7.683242203876704,0.7389000786058693,-26.109992139413073,feasible,False
PET SUPPLIES,15.0,348174.65,2431918.332,688221.06,0.2829951363679264,6.984765639887912,5.008110935129826,8.032480485871098,0.6535757854967188,-34.64242145032812,feasible,False
PET SUPPLIES,20.0,348174.65,2431918.332,688221.06,0.2829951363679264,6.984765639887912,5.008110935129826,8.381718767865493,0.5859171553900534,-41.40828446099466,feasible,False
PLAYERS AND ELECTRONICS,-20.0,545240.47,18582662.332,4646291.462,0.2500336808035802,34.081590333894326,25.560044855071013,27.265272267115463,4.997307349526221,399.7307349526221,feasible,False
PLAYERS AND ELECTRONICS,-15.0,545240.47,18582662.332,4646291.462,0.2500336808035802,34.081590333894326,25.560044855071013,28.969351783810176,2.499494958048485,149.94949580484848,feasible,False
PLAYERS AND ELECTRONICS,-10.0,545240.47,18582662.332,4646291.462,0.2500336808035802,34.081590333894326,25.560044855071013,30.673431300504895,1.666517007810514,66.6517007810514,feasible,False
PLAYERS AND ELECTRONICS,-5.0,545240.47,18582662.332,4646291.462,0.2500336808035802,34.081590333894326,25.560044855071013,32.37751081719961,1.2499579060843091,24.995790608430912,feasible,False
PLAYERS AND ELECTRONICS,-2.0,545240.47,18582662.332,4646291.462,0.2500336808035802,34.081590333894326,25.560044855071013,33.39995852721644,1.0869437898403993,8.694378984039929,feasible,False
PLAYERS AND ELECTRONICS,2.0,545240.47,18582662.332,4646291.462,0.2500336808035802,34.081590333894326,25.560044855071013,34.76322214057221,0.925935165048734,-7.406483495126603,feasible,False
PLAYERS AND ELECTRONICS,5.0,545240.47,18582662.332,4646291.462,0.2500336808035802,34.081590333894326,25.560044855071013,35.785669850589045,0.8333520427903794,-16.664795720962054,feasible,False
PLAYERS AND ELECTRONICS,10.0,545240.47,18582662.332,4646291.462,0.2500336808035802,34.081590333894326,25.560044855071013,37.489749367283764,0.7143132061736809,-28.568679382631913,feasible,False
PLAYERS AND ELECTRONICS,15.0,545240.47,18582662.332,4646291.462,0.2500336808035802,34.081590333894326,25.560044855071013,39.19382888397847,0.6250315730948385,-37.496842690516154,feasible,False
PLAYERS AND ELECTRONICS,20.0,545240.47,18582662.332,4646291.462,0.2500336808035802,34.081590333894326,25.560044855071013,40.89790840067319,0.555588818057173,-44.4411181942827,feasible,False
POULTRY,-20.0,31481758.61,133136235.52,26175227.383,0.1966048332429221,4.228996136121507,3.3975550559943763,3.3831969088972063,,,margin_cannot_be_restored,True
POULTRY,-15.0,31481758.61,133136235.52,26175227.383,0.1966048332429221,4.228996136121507,3.3975550559943763,3.594646715703281,4.21855029966834,321.855029966834,feasible,False
POULTRY,-10.0,31481758.61,133136235.52,26175227.383,0.1966048332429221,4.228996136121507,3.3975550559943763,3.806096522509357,2.0351448953753737,103.51448953753737,feasible,False
POULTRY,-5.0,31481758.61,133136235.52,26175227.383,0.1966048332429221,4.228996136121507,3.3975550559943763,4.017546329315432,1.341052875911333,34.10528759113329,feasible,False
POULTRY,-2.0,31481758.61,133136235.52,26175227.383,0.1966048332429221,4.228996136121507,3.3975550559943763,4.144416213399077,1.1132471837420765,11.324718374207654,feasible,False
POULTRY,2.0,31481758.61,133136235.52,26175227.383,0.1966048332429221,4.228996136121507,3.3975550559943763,4.313576058843938,0.9076659569384123,-9.233404306158766,feasible,False
POULTRY,5.0,31481758.61,133136235.52,26175227.383,0.1966048332429221,4.228996136121507,3.3975550559943763,4.440445942927583,0.7972464718453158,-20.275352815468416,feasible,False
POULTRY,10.0,31481758.61,133136235.52,26175227.383,0.1966048332429221,4.228996136121507,3.3975550559943763,4.651895749733659,0.6628510772847082,-33.71489227152919,feasible,False
POULTRY,15.0,31481758.61,133136235.52,26175227.383,0.1966048332429221,4.228996136121507,3.3975550559943763,4.863345556539733,0.5672305010967036,-43.27694989032964,feasible,False
POULTRY,20.0,31481758.61,133136235.52,26175227.383,0.1966048332429221,4.228996136121507,3.3975550559943763,5.0747953633458085,0.4957197108147717,-50.42802891852283,feasible,False
PREPARED FOODS,-20.0,8727482.572,45573847.437,12914397.622,0.283372994563439,5.221877793627749,3.7421386460031307,4.1775022349021995,3.398858299947699,239.8858299947699,feasible,False
PREPARED FOODS,-15.0,8727482.572,45573847.437,12914397.622,0.283372994563439,5.221877793627749,3.7421386460031307,4.4385961245835865,2.1246654578836224,112.46654578836224,feasible,False
PREPARED FOODS,-10.0,8727482.572,45573847.437,12914397.622,0.283372994563439,5.221877793627749,3.7421386460031307,4.6996900142649745,1.5453365706224773,54.533657062247734,feasible,False
PREPARED FOODS,-5.0,8727482.572,45573847.437,12914397.622,0.283372994563439,5.221877793627749,3.7421386460031307,4.9607839039463615,1.2142492968971532,21.42492968971532,feasible,False
PREPARED FOODS,-2.0,8727482.572,45573847.437,12914397.622,0.283372994563439,5.221877793627749,3.7421386460031307,5.117440237755194,1.0759379299048923,7.593792990489234,feasible,False
PREPARED FOODS,2.0,8727482.572,45573847.437,12914397.622,0.283372994563439,5.221877793627749,3.7421386460031307,5.326315349500304,0.9340745539042442,-6.5925446095755795,feasible,False
PREPARED FOODS,5.0,8727482.572,45573847.437,12914397.622,0.283372994563439,5.221877793627749,3.7421386460031307,5.482971683309137,0.8500178454302324,-14.99821545697676,feasible,False
PREPARED FOODS,10.0,8727482.572,45573847.437,12914397.622,0.283372994563439,5.221877793627749,3.7421386460031307,5.744065572990525,0.7391574226195206,-26.084257738047945,feasible,False
PREPARED FOODS,15.0,8727482.572,45573847.437,12914397.622,0.283372994563439,5.221877793627749,3.7421386460031307,6.005159462671911,0.6538778329944083,-34.61221670055917,feasible,False
PREPARED FOODS,20.0,8727482.572,45573847.437,12914397.622,0.283372994563439,5.221877793627749,3.7421386460031307,6.266253352353299,0.5862408486832593,-41.37591513167407,feasible,False
PRODUCE,-20.0,120807039.421,166519617.807,33348122.773,0.2002654294561931,1.378393333741889,1.1023488008005158,1.1027146669935113,754.4958737002569,75349.58737002569,feasible,False
PRODUCE,-15.0,120807039.421,166519617.807,33348122.773,0.2002654294561931,1.378393333741889,1.1023488008005158,1.1716343336806057,3.984158329547879,298.4158329547879,feasible,False
PRODUCE,-10.0,120807039.421,166519617.807,33348122.773,0.2002654294561931,1.378393333741889,1.1023488008005158,1.2405540003677,1.9973527320669477,99.73527320669477,feasible,False
PRODUCE,-5.0,120807039.421,166519617.807,33348122.773,0.2002654294561931,1.378393333741889,1.1023488008005158,1.3094736670547944,1.3327445319988023,33.27445319988023,feasible,False
PRODUCE,-2.0,120807039.421,166519617.807,33348122.773,0.2002654294561931,1.378393333741889,1.1023488008005158,1.3508254670670512,1.1109475070196988,11.094750701969879,feasible,False
PRODUCE,2.0,120807039.421,166519617.807,33348122.773,0.2002654294561931,1.378393333741889,1.1023488008005158,1.4059612004167268,0.90920045851327,-9.079954148672996,feasible,False
PRODUCE,5.0,120807039.421,166519617.807,33348122.773,0.2002654294561931,1.378393333741889,1.1023488008005158,1.4473130004289836,0.8002121183551159,-19.978788164488414,feasible,False
PRODUCE,10.0,120807039.421,166519617.807,33348122.773,0.2002654294561931,1.378393333741889,1.1023488008005158,1.516232667116078,0.6669613275790399,-33.30386724209601,feasible,False
PRODUCE,15.0,120807039.421,166519617.807,33348122.773,0.2002654294561931,1.378393333741889,1.1023488008005158,1.585152333803172,0.5717533407939132,-42.82466592060869,feasible,False
PRODUCE,20.0,120807039.421,166519617.807,33348122.773,0.2002654294561931,1.378393333741889,1.1023488008005158,1.6540720004902667,0.500331566801252,-49.9668433198748,feasible,False
SCHOOL AND OFFICE SUPPLIES,-20.0,259252.66,699764.634,232032.432,0.33158639451904626,2.6991608649261303,1.8041558454983644,2.1593286919409045,2.5199139753848288,151.9913975384829,feasible,False
SCHOOL AND OFFICE SUPPLIES,-15.0,259252.66,699764.634,232032.432,0.33158639451904626,2.6991608649261303,1.8041558454983644,2.2942867351872107,1.8260530773645973,82.60530773645974,feasible,False
SCHOOL AND OFFICE SUPPLIES,-10.0,259252.66,699764.634,232032.432,0.33158639451904626,2.6991608649261303,1.8041558454983644,2.4292447784335174,1.4318042957906827,43.18042957906827,feasible,False
SCHOOL AND OFFICE SUPPLIES,-5.0,259252.66,699764.634,232032.432,0.33158639451904626,2.6991608649261303,1.8041558454983644,2.5642028216798236,1.1775653972394537,17.756539723945373,feasible,False
SCHOOL AND OFFICE SUPPLIES,-2.0,259252.66,699764.634,232032.432,0.33158639451904626,2.6991608649261303,1.8041558454983644,2.6451776476276074,1.0641876550189917,6.418765501899171,feasible,False
SCHOOL AND OFFICE SUPPLIES,2.0,259252.66,699764.634,232032.432,0.33158639451904626,2.6991608649261303,1.8041558454983644,2.753144082224653,0.9431149773945062,-5.688502260549377,feasible,False
SCHOOL AND OFFICE SUPPLIES,5.0,259252.66,699764.634,232032.432,0.33158639451904626,2.6991608649261303,1.8041558454983644,2.834118908172437,0.8689680745483069,-13.103192545169307,feasible,False
SCHOOL AND OFFICE SUPPLIES,10.0,259252.66,699764.634,232032.432,0.33158639451904626,2.6991608649261303,1.8041558454983644,2.9690769514187436,0.7682966811049765,-23.17033188950235,feasible,False
SCHOOL AND OFFICE SUPPLIES,15.0,259252.66,699764.634,232032.432,0.33158639451904626,2.6991608649261303,1.8041558454983644,3.1040349946650494,0.6885294067541028,-31.14705932458972,feasible,False
SCHOOL AND OFFICE SUPPLIES,20.0,259252.66,699764.634,232032.432,0.33158639451904626,2.6991608649261303,1.8041558454983644,3.238993037911356,0.6237676470614897,-37.62323529385103,feasible,False
SEAFOOD,-20.0,1998282.598,17189923.599,3868111.203,0.2250220125018486,8.60234864488371,6.666630840569428,6.881878915906968,8.992962196195219,799.2962196195218,feasible,False
SEAFOOD,-15.0,1998282.598,17189923.599,3868111.203,0.2250220125018486,8.60234864488371,6.666630840569428,7.311996348151153,2.9994131721846817,199.94131721846819,feasible,False
SEAFOOD,-10.0,1998282.598,17189923.599,3868111.203,0.2250220125018486,8.60234864488371,6.666630840569428,7.742113780395339,1.799859144792773,79.9859144792773,feasible,False
SEAFOOD,-5.0,1998282.598,17189923.599,3868111.203,0.2250220125018486,8.60234864488371,6.666630840569428,8.172231212639524,1.2856783514557741,28.567835145577412,feasible,False
SEAFOOD,-2.0,1998282.598,17189923.599,3868111.203,0.2250220125018486,8.60234864488371,6.666630840569428,8.430301671986035,1.0975505008264401,9.755050082644011,feasible,False
SEAFOOD,2.0,1998282.598,17189923.599,3868111.203,0.2250220125018486,8.60234864488371,6.666630840569428,8.774395617781385,0.9183746807244549,-8.162531927554506,feasible,False
SEAFOOD,5.0,1998282.598,17189923.599,3868111.203,0.2250220125018486,8.60234864488371,6.666630840569428,9.032466077127896,0.8181963707371827,-18.180362926281735,feasible,False
SEAFOOD,10.0,1998282.598,17189923.599,3868111.203,0.2250220125018486,8.60234864488371,6.666630840569428,9.462583509372083,0.692328531134699,-30.767146886530096,feasible,False
SEAFOOD,15.0,1998282.598,17189923.599,3868111.203,0.2250220125018486,8.60234864488371,6.666630840569428,9.892700941616265,0.6000234786237765,-39.99765213762235,feasible,False
SEAFOOD,20.0,1998282.598,17189923.599,3868111.203,0.2250220125018486,8.60234864488371,6.666630840569428,10.322818373860452,0.5294361371480022,-47.05638628519978,feasible,False
