store_nbr,observed_units,fulfilled_units_sim,demand_revenue_sim,revenue_sim,unfulfilled_revenue_sim,list_revenue_sim,markdown_value_sim,cogs_sim,gross_margin_sim,avg_inventory_value_sim,gross_margin_pct_sim,markdown_pct_sim,price_realisation_pct_sim,revenue_shortfall_pct_sim,avg_list_price_sim,avg_net_price_sim,avg_unit_cost_sim,price_position_vs_chain_pct_sim
1,14145012.869,13923728.859,30453718.486,29958330.163,495388.323,32151622.948,2193292.785,23464191.05,6494139.112,4415.43,21.677,6.822,93.178,1.627,2.309,2.152,1.685,-1.423
2,21557388.647,21243943.446,45888387.767,45209667.484,678720.283,48869784.982,3660117.498,35877449.853,9332217.631,6794.75,20.642,7.49,92.51,1.479,2.3,2.128,1.689,-2.549
3,50481910.18,49628884.967,103646798.799,102155339.781,1491459.018,110773080.729,8617740.948,80573389.809,21581949.972,14636.737,21.127,7.78,92.22,1.439,2.232,2.058,1.624,-2.138
4,18909700.379,18598750.075,40143341.234,39527121.583,616219.651,42563392.373,3036270.79,31099525.414,8427596.169,5652.323,21.321,7.134,92.866,1.535,2.289,2.125,1.672,-1.734
5,15592404.573,15380307.598,34121372.424,33597538.92,523833.504,36061162.019,2463623.099,26460694.045,7136844.875,4786.869,21.242,6.832,93.168,1.535,2.345,2.184,1.72,-2.66
6,25183679.998,24690423.076,54298654.052,53334754.977,963899.075,57833886.146,4499131.169,41965944.008,11368810.97,6939.803,21.316,7.779,92.221,1.775,2.342,2.16,1.7,-1.827
7,26952049.592,26461891.141,55535980.8,54615324.788,920656.013,58692934.588,4077609.801,42989860.05,11625464.737,7436.156,21.286,6.947,93.053,1.658,2.218,2.064,1.625,-1.525
8,30494286.927,30103014.063,63601294.045,62804581.862,796712.183,67935701.251,5131119.389,49395453.972,13409127.89,9059.79,21.351,7.553,92.447,1.253,2.257,2.086,1.641,-2.085
9,26409441.066,26045514.92,57724774.111,56959068.553,765705.559,62014040.789,5054972.236,44040034.862,12919033.691,8583.268,22.681,8.151,91.849,1.326,2.381,2.187,1.691,0.114
10,9613905.737,9466354.863,21829836.95,21490115.354,339721.596,22831784.574,1341669.22,16456672.186,5033443.168,2803.938,23.422,5.876,94.124,1.556,2.412,2.27,1.738,1.184
11,28325558.475,27917351.505,60367729.425,59532484.7,835244.725,64794917.276,5262432.577,45900689.243,13631795.457,8384.134,22.898,8.122,91.878,1.384,2.321,2.132,1.644,0.772
12,10659217.958,10456440.215,23164518.663,22756513.862,408004.802,24342495.328,1585981.467,17340368.523,5416145.338,2894.217,23.8,6.515,93.485,1.761,2.328,2.176,1.658,1.682
13,10523045.817,10384100.581,22228356.683,21942540.174,285816.508,23392497.39,1449957.216,16729846.317,5212693.857,3008.445,23.756,6.198,93.802,1.286,2.253,2.113,1.611,1.683
14,11387918.746,11274323.164,26602159.192,26284341.734,317817.457,28023884.476,1739542.741,19980719.556,6303622.179,4603.121,23.982,6.207,93.793,1.195,2.486,2.331,1.772,1.642
15,11451270.023,11297048.216,24923183.618,24576709.529,346474.089,26297374.483,1720664.954,18860134.313,5716575.216,3234.808,23.26,6.543,93.457,1.39,2.328,2.175,1.669,0.699
16,10986412.556,10874922.548,23471897.938,23204994.67,266903.268,24626550.092,1421555.421,17741334.741,5463659.929,3717.911,23.545,5.772,94.228,1.137,2.265,2.134,1.631,0.849
17,18030969.25,17883811.539,38392102.277,38027394.357,364707.919,41038568.412,3011174.054,29531718.09,8495676.267,6219.67,22.341,7.337,92.663,0.95,2.295,2.126,1.651,0.192
18,13259375.69,12990458.077,27488055.497,26919051.554,569003.943,28834533.945,1915482.39,20460775.618,6458275.936,3743.868,23.991,6.643,93.357,2.07,2.22,2.072,1.575,1.282
19,13049509.838,12932448.058,27367036.405,27080396.275,286640.13,28911845.943,1831449.668,20552476.479,6527919.796,4171.034,24.106,6.335,93.665,1.047,2.236,2.094,1.589,2.025
20,12920954.59,12799899.079,27208998.165,26903954.985,305043.18,30604242.787,3700287.801,21485186.834,5418768.151,4227.252,20.141,12.091,87.909,1.121,2.391,2.102,1.679,-1.377
21,9255505.914,9079703.903,18761967.731,18357298.95,404668.781,21040254.162,2682955.212,14666961.607,3690337.342,2043.433,20.103,12.752,87.248,2.157,2.317,2.022,1.615,-1.548
22,4090201.741,3963919.695,8573018.487,8323450.255,249568.233,9390221.142,1066770.887,6739584.175,1583866.079,1157.315,19.029,11.36,88.64,2.911,2.369,2.1,1.7,-2.566
23,11651380.673,11552953.04,28082102.456,27834765.511,247336.945,29517485.826,1682720.315,21633310.931,6201454.58,4936.9,22.28,5.701,94.299,0.881,2.555,2.409,1.873,-0.245
24,23767732.703,23386164.672,49495117.245,48829647.668,665469.578,52775711.805,3946064.137,38366784.681,10462862.986,8006.924,21.427,7.477,92.523,1.345,2.257,2.088,1.641,-1.64
25,11420997.873,11287236.755,24709308.982,24402810.802,306498.18,26078359.367,1675548.565,18910783.591,5492027.211,4603.692,22.506,6.425,93.575,1.24,2.31,2.162,1.675,-0.851
26,7755121.892,7682486.328,17440225.412,17250184.975,190040.438,18366824.888,1116639.913,13554125.969,3696059.006,3083.085,21.426,6.08,93.92,1.09,2.391,2.245,1.764,-1.692
27,19188021.38,19020932.527,39870050.442,39437621.159,432429.283,42613790.602,3176169.443,31225301.143,8212320.016,5574.508,20.824,7.453,92.547,1.085,2.24,2.073,1.642,-2.291
28,18383154.83,18166523.766,36781978.147,36280465.091,501513.056,39601178.607,3320713.516,29576557.017,6703908.074,4873.372,18.478,8.385,91.615,1.363,2.18,1.997,1.628,-5.069
29,9725157.691,9536151.19,18474168.07,18103559.653,370608.417,20597054.451,2493494.798,15328988.439,2774571.214,2695.569,15.326,12.106,87.894,2.006,2.16,1.898,1.607,-7.17
30,7382073.664,7278063.352,15743435.997,15502621.532,240814.465,16504979.412,1002357.881,11802868.044,3699753.488,2035.557,23.865,6.073,93.927,1.53,2.268,2.13,1.622,1.669
31,17746872.701,17541492.513,38137025.264,37663316.211,473709.053,40801013.818,3137697.607,28591455.865,9071860.346,5857.965,24.087,7.69,92.31,1.242,2.326,2.147,1.63,2.07
32,5951795.998,5905684.574,13239216.74,13101352.804,137863.936,13942079.104,840726.3,9919559.46,3181793.344,2457.331,24.286,6.03,93.97,1.041,2.361,2.218,1.68,2.356
33,14178501.294,13957034.784,30731687.364,30277346.414,454340.95,32468623.291,2191276.877,23434500.521,6842845.893,3808.012,22.601,6.749,93.251,1.478,2.326,2.169,1.679,-0.1
34,17090734.155,16885193.767,35701229.2,35234637.634,466591.566,37990629.088,2755991.454,26645215.349,8589422.285,5069.603,24.378,7.254,92.746,1.307,2.25,2.087,1.578,1.641
35,7676679.423,7615601.815,15783390.208,15630554.296,152835.912,16814633.0,1184078.704,12131085.624,3499468.672,2436.48,22.389,7.042,92.958,0.968,2.208,2.052,1.593,0.428
36,15322431.091,15112382.215,29895412.111,29434509.584,460902.527,32165629.504,2731119.92,23945458.355,5489051.229,5276.535,18.648,8.491,91.509,1.542,2.128,1.948,1.584,-4.55
37,19970635.61,19770181.736,40535228.685,40027169.556,508059.129,43030765.339,3003595.782,31613941.802,8413227.755,5690.301,21.019,6.98,93.02,1.253,2.177,2.025,1.599,-2.613
38,18859999.26,18574922.354,39022155.489,38474654.162,547501.326,41467405.375,2992751.213,30064643.881,8410010.282,5525.218,21.859,7.217,92.783,1.403,2.232,2.071,1.619,-2.02
39,20252192.53,19975334.527,41641070.499,40932516.121,708554.379,44682947.594,3750431.474,31610426.068,9322090.052,5910.934,22.774,8.393,91.607,1.702,2.237,2.049,1.582,0.323
40,18395757.407,18165280.796,36625433.028,36129984.531,495448.497,39459961.714,3329977.183,28148582.575,7981401.956,4749.686,22.091,8.439,91.561,1.353,2.172,1.989,1.55,-0.207
41,14991039.137,14791049.557,31331067.786,30870117.024,460950.762,33456126.862,2586009.837,24345138.813,6524978.211,5512.361,21.137,7.73,92.27,1.471,2.262,2.087,1.646,-2.222
42,8945767.885,8715791.17,17302997.609,16851099.857,451897.752,18954419.954,2103320.097,13720424.1,3130675.757,1971.634,18.578,11.097,88.903,2.612,2.175,1.933,1.574,-3.47
43,16391692.211,16113122.387,31541242.235,31000405.048,540837.187,33355457.081,2355052.033,24511347.314,6489057.734,3915.806,20.932,7.06,92.94,1.715,2.07,1.924,1.521,-1.934
44,62087553.25,61484752.815,133661579.218,132212253.992,1449325.226,143878460.868,11666206.876,100278113.678,31934140.314,17355.408,24.154,8.108,91.892,1.084,2.34,2.15,1.631,1.882
45,54498010.428,53611873.727,121493631.379,119603537.821,1890093.558,130768041.898,11164504.077,90353062.72,29250475.101,15236.634,24.456,8.538,91.462,1.556,2.439,2.231,1.685,2.684
46,41896062.123,40793194.119,98917439.76,96734535.908,2182903.852,105711338.138,8976802.231,72921145.778,23813390.13,11938.577,24.617,8.492,91.508,2.207,2.591,2.371,1.788,2.613
47,50948310.056,50069024.034,110899572.081,109031558.703,1868013.378,119392296.005,10360737.302,83033966.046,25997592.657,13816.27,23.844,8.678,91.322,1.684,2.385,2.178,1.658,1.709
48,35933130.268,35544059.667,84046956.449,83104005.406,942951.043,90917964.678,7813959.272,63343731.978,19760273.428,12295.793,23.778,8.595,91.405,1.122,2.558,2.338,1.782,1.552
49,43420095.786,42757565.629,93045135.409,91600889.521,1444245.889,100213355.696,8612466.175,69455174.237,22145715.284,11982.082,24.176,8.594,91.406,1.552,2.344,2.142,1.624,2.44
50,28653020.627,28250925.657,65159513.039,64255121.949,904391.09,69771964.505,5516842.556,48561948.471,15693173.478,10834.389,24.423,7.907,92.093,1.388,2.47,2.274,1.719,2.058
51,32911489.534,32489604.99,71114559.808,70098039.068,1016520.74,75698731.453,5600692.385,53100882.616,16997156.452,9161.52,24.248,7.399,92.601,1.429,2.33,2.158,1.634,2.367
52,2696169.732,2555073.747,5409088.444,5107061.125,302027.319,6031142.735,924081.61,4216146.635,890914.49,366.137,17.445,15.322,84.678,5.584,2.36,1.999,1.65,-3.017
53,11216167.285,10973750.65,22980374.31,22437345.704,543028.606,25229087.245,2791741.541,18291103.645,4146242.059,2920.257,18.479,11.066,88.934,2.363,2.299,2.045,1.667,-4.166
54,11057483.121,10891013.172,22521512.88,22189406.245,332106.636,24122068.854,1932662.61,17167731.863,5021674.381,2935.866,22.631,8.012,91.988,1.475,2.215,2.037,1.576,0.11
